A1,A2Maldonado,A3,A4Equipo,A5,A6Maldonado,A7,A8Equipo,A9,A10Maldonado,A11,A12Equipo,A13,A14Maldonado Plaza,A15,A16Equipo,A17,A18Piriapolis,A19,A20Equipo,A21,A22Parada 5,A23,A24Equipo,A25,A26Peninsula,A27,A28Equipo,A29,A30Paseo de la Pasiva Piriapolis,A31,A32Equipo,A33,A34San Carlos,A35,A36Equipo,A37,A38Pan de Azucar,A39,A40Equipo,A41,A42Aeropuerto Laguna del Sauce,A43,A44Equipo,A45,A46Deposito Maldonado,A47,A48Equipo,A49,A50Aigua,A51,A52Equipo,A53,A54Puerto Punta del Este,A55,A56Equipo,A57,A58Balneario Solis,A59,A60Equipo,A61,A62La Barra,A63,A64Equipo,A65,A66Portezuelo,A67,A68Equipo,A69,A70José Ignacio,A71,A72Equipo,A73,A74Gregorio Aznares,A75,A76Equipo,A77,A78almacenes maldonado,A79,A80Equipo,A81,A82Punta Shopping,A83,A84Equipo,A85,A86Tienda La Barra,A87Cerrado,A88Equipo,A89,A90Cerro Pelado,A91,A92Equipo,A93,A94Garage Maldonado y TOSSI,A95,A96Equipo,A97,A98Planta Externa TOSSI,A99,A100Equipo
,10.58.1,1,Gateway,,10.58.0,1,,,10.58.2,1,Reservada,,10.58.81,1,,,10.58.65,1,,,10.58.17,1,,,10.58.33,1,,,10.58.217,1,,,10.58.49,1,,,10.58.113,1,,,10.58.129,1,,,10.58.177,1,,,10.58.97,1,,,10.58.193,1,,,10.58.161,1,,,10.58.209,1,,,10.58.225.,1,,,10.58.233.,1,,,10.58.226.,1,,,10.58.177.,1,,,10.58.240.,1,,,10.58.248.,1,,,10.58.88.,1,,,10.58.184.,1,,,10.58.188.,1,
,,2,Reservada,,,2,,,,2,Reservada,,,2,,,,2,,,,2,,,,2,,,,2,,,,2,,,,2,,,,2,,,,2,,,,2,,,,2,,,,2,,,,2,,,,2,,,,2,,,,2,,,,2,,,,2,,,,2,,,,2,,,,2,,,,2,
,,3,Reservada,,,3,,,,3,Reservada,,,3,,,,3,,,,3,,,,3,,,,3,,,,3,,,,3,,,,3,,,,3,,,,3,,,,3,,,,3,,,,3,,,,3,,,,3,,,,3,,,,3,,,,3,,,,3,,,,3,,,,3,,,,3,
,,4,1841_BI_02,,,4,,,,4,Reservada,,,4,,,,4,,,,4,,,,4,,,,4,,,,4,,,,4,,,,4,,,,4,,,,4,,,,4,,,,4,,,,4,,,,4,,,,4,,,,4,,,,4,,,,4,,,,4,,,,4,,,,4,,,,4,
,,5,1841_BI_01,,,5,,,,5,Reservada,,,5,,,,5,,,,5,,,,5,,,,5,,,,5,,,,5,,,,5,,,,5,,,,5,,,,5,,,,5,,,,5,,,,5,,,,5,,,,5,,,,5,,,,5,,,,5,,,,5,,,,5,,,,5,
,,6,LIBERADA,,,6,,,,6,Reservada,,,6,,,,6,,,,6,,,,6,,,,6,,,,6,,,,6,,,,6,,,,6,,,,6,,,,6,,,,6,,,,6,,,,6,,,,6,,,,6,,,,6,,,,6,,,,6,,,,6,,,,6,,,,6,
,,7,LIBERADA,,,7,,,,7,Reservada,,,7,,,,7,,,,7,,,,7,,,,7,,,,7,,,,7,,,,7,,,,7,,,,7,,,,7,,,,7,,,,7,,,,7,,,,7,,,,7,,,,7,,,,7,,,,7,,,,7,,,,7,,,,7,
,,8,LIBERADA,,,8,,,,8,Switch,,,8,,,,8,,,,8,,,,8,,,,8,,,,8,,,,8,,,,8,,,,8,,,,8,,,,8,,,,8,,,,8,,,,8,,,,8,,,,8,,,,8,,,,8,,,,8,,,,8,,,,8,,,,8,
,,9,LIBERADA,,,9,,,,9,Switch,,,9,,,,9,,,,9,,,,9,,,,9,,,,9,,,,9,,,,9,,,,9,,,,9,,,,9,,,,9,,,,9,,,,9,,,,9,,,,9,,,,9,,,,9,,,,9,,,,9,,,,9,,,,9,
,,10,LIBERADA,,,10,,,,10,Switch,,,10,,,,10,,,,10,,,,10,,,,10,,,,10,,,,10,,,,10,,,,10,,,,10,,,,10,,,,10,,,,10,,,,10,,,,10,,,,10,,,,10,,,,10,,,,10,,,,10,,,,10,,,,10,
,,11,LIBERADA,,,11,,,,11,Switch,,,11,,,,11,,,,11,,,,11,,,,11,,,,11,,,,11,,,,11,,,,11,,,,11,,,,11,,,,11,,,,11,,,,11,,,,11,,,,11,,,,11,,,,11,,,,11,,,,11,,,,11,,,,11,
,,12,LIBERADA,,,12,,,,12,Switch,,,12,,,,12,,,,12,,,,12,,,,12,,,,12,,,,12,,,,12,,,,12,,,,12,,,,12,,,,12,,,,12,,,,12,,,,12,,,,12,,,,12,,,,12,,,,12,,,,12,,,,12,,,,12,
,,13,LIBERADA,,,13,,,,13,Switch,,,13,,,,13,,,,13,,,,13,,,,13,,,,13,,,,13,,,,13,,,,13,,,,13,,,,13,,,,13,,,,13,,,,13,,,,13,,,,13,,,,13,,,,13,,,,13,,,,13,,,,13,,,,13,
,,14,LIBERADA,,,14,,,,14,Switch,,,14,,,,14,,,,14,,,,14,,,,14,,,,14,,,,14,,,,14,,,,14,,,,14,,,,14,,,,14,,,,14,,,,14,,,,14,,,,14,,,,14,,,,14,,,,14,,,,14,,,,14,,,,14,
,,15,B0160672,,,15,B0061309,,,15,Switch,,,15,Ocupada,B5160508,,15,B4160419,,,15,Ocupada,B1161404,,15,Ocupada,B2160211,,15,xxx60726,,,15,Ocupada,B3160152,,15,B7160627,,,15,B8160597,,,15,,,,15,Ocupada,B6160420,,15,BC160596,,,15,BA160694,,,15,BD160571,,,15,BE160575,,,15,BE960603,,,15,BE261051,,,15,,,,15,BF061468,,,15,BF861467,,,15,B5861472,,,15,BB861416,,,15,BBC61579
,,16,B0161653,,,16,B0061309,,,16,Switch,,,16,Ocup-PS,B5160670,,16,B4160628,,,16,Ocupada,B1160574,,16,Ocupada,B2160607,,16,BD961927,,,16,Ocupada,B3161262,,16,B7161321,,,16,,,,16,B0161163,,,16,ocupada,B6161365,,16,,,,16,BA161759,,,16,BD160572,,,16,BE160576,,,16,Interventora,,,16,,,,16,BB161163,,,16,BF061639,,,16,,,,16,,,,16,BB861579,,,16,BBC61785
,,17,LIBERADA,,,17,B0061315,,,17,Switch,,,17,Ocup-PS,B5160671,,17,B4160726,,,17,Ocupada,,,17,Ocupada,B2160608,,17,,,,17,Ocupada,B3161528,,17,B7161650,,,17,,,,17,BB161838,,,17,ocupada,B6161465,,17,,,,17,,,,17,BD160590,,,17,BE160591,,,17,,,,17,,,,17,,,,17,BF061758,,,17,,,,17,,,,17,BB861785,,,17,
,,18,B0160675,,,18,B0060677,,,18,Switch,,,18,,,,18,B4161062,,,18,Ocupada,B1161464,,18,Ocup-PS,B2160666,,18,,,,18,Ocupada,B3161536,,18,B7161761,,,18,,,,18,,,,18,Ocupada,B3161738,,18,,,,18,,,,18,BD161628,,,18,Interventora,,,18,,,,18,,,,18,,,,18,BF061739,,,18,,,,18,,,,18,,,,18,
,,19,B0160514,,,19,B0060679,,,19,Switch,,,19,,,,19,B4161063,,,19,B1160664,,,19,Ocup-PS,B2160667,,19,,,,19,Ocupada,B3161567,,19,,,,19,,,,19,,,,19,,,,19,,,,19,,,,19,Interventora,,,19,,,,19,,,,19,,,,19,,,,19,BF061740,,,19,,,,19,,,,19,,,,19,
,,20,B0180267,,,20,B0060678,,,20,Switch,,,20,,,,20,B4161094,,,20,liberada,B1160665,,20,Ocup-PS,B2160668,,20,,,,20,Ocupada,B3161640,,20,,,,20,,,,20,,,,20,,,,20,,,,20,,,,20,,,,20,,,,20,,,,20,,,,20,,,,20,,,,20,,,,20,,,,20,,,,20,
,,21,B0101636,,,21,B0061592,,,21,Switch,,,21,,,,21,B4161185,,,21,Ocupada,B1160978,,21,Ocup-PS,B2160669,,21,,,,21,Ocupada,B3161704,,21,,,,21,,,,21,,,,21,,,,21,,,,21,,,,21,,,,21,,,,21,,,,21,,,,21,,,,21,,,,21,,,,21,,,,21,,,,21,
,,22,B0190334,,,22,B0061790,,,22,Switch,,,22,,,,22,B4161587,,,22,Ocupada,B1161070,,22,Ocup-PS,B2160683,,22,,,,22,Ocupada,B3161715,,22,,,,22,,,,22,,,,22,,,,22,,,,22,,,,22,,,,22,,,,22,,,,22,,,,22,,,,22,,,,22,,,,22,,,,22,,,,22,
,,23,B0160682,,,23,B0061951,,,23,Switch,,,23,,,,23,B4161618,,,23,Ocupada,B1161072,,23,ocupada,B2161134,,23,,,,23,Liberada ,,,23,,,,23,,,,23,,,,23,,,,23,,,,23,,,,23,,,,23,,,,23,,,,23,,,,23,,,,23,,,,23,,,,23,,,,23,,,,23,
,,24,Switch,,,24,B0061914,,,24,Switch,,,24,,,,24,B4161753,,,24,Ocupada,,,24,Ocupada,B2104292,,24,,,,24,B3161755,,,24,,,,24,,,,24,,,,24,,,,24,,,,24,,,,24,,,,24,,,,24,,,,24,,,,24,,,,24,,,,24,,,,24,,,,24,,,,24,
,,25,B0160322,,,25,,,,25,Switch,,,25,,,,25,B4161756,,,25,Ocupado,B1161871,,25,Ocupada,B2104296,,25,,,,25,Ocupada,B3161911,,25,,,,25,,,,25,,,,25,,,,25,,,,25,,,,25,,,,25,,,,25,,,,25,,,,25,,,,25,,,,25,,,,25,,,,25,,,,25,
,,26,B0190469,,,26,,,,26,Switch,,,26,,,,26,Liberada,,,26,Ocupado,B1161914,,26,Ocupada,B2104297,,26,,,,26,,,,26,,,,26,,,,26,,,,26,,,,26,,,,26,,,,26,,,,26,,,,26,,,,26,,,,26,,,,26,,,,26,,,,26,,,,26,,,,26,
,,27,B0161534,,,27,,,,27,Switch,,,27,,,,27,,,,27,Ocupado,B1161918,,27,Ocupada,B2104298,,27,,,,27,,,,27,,,,27,,,,27,,,,27,,,,27,,,,27,,,,27,,,,27,,,,27,,,,27,,,,27,,,,27,,,,27,,,,27,,,,27,,,,27,
,,28,Switch,,,28,,,,28,Switch,,,28,,,,28,,,,28,B1161998,,,28,Ocupada,B2104299,,28,,,,28,,,,28,,,,28,,,,28,,,,28,,,,28,,,,28,,,,28,,,,28,,,,28,,,,28,,,,28,,,,28,,,,28,,,,28,,,,28,,,,28,
,,29,B0160891,,,29,,,,29,Switch,,,29,,,,29,B4104656,,,29,,,,29,Ocupada,B2161525,,29,,,,29,,,,29,,,,29,,,,29,,,,29,,,,29,,,,29,,,,29,,,,29,,,,29,,,,29,,,,29,,,,29,,,,29,,,,29,,,,29,,,,29,
,,30,B0100954,,,30,,,,30,Switch,,,30,,,,30,,,,30,,,,30,Ocupada,B2104300,,30,,,,30,Ocupada,,,30,B7104515,,,30,,,,30,,,,30,,,,30,,,,30,,,,30,,,,30,,,,30,,,,30,,,,30,,,,30,,,,30,,,,30,,,,30,,,,30,
,,31,B0160862,,,31,,,,31,Switch,,,31,,,,31,,,,31,Ocupada,,,31,Ocupada,,,31,,,,31,,,,31,Ocupada,,,31,,,,31,,,,31,Ocupada,B6100083,,31,,,,31,,,,31,,,,31,,,,31,,,,31,,,,31,,,,31,,,,31,,,,31,,,,31,,,,31,
,,32,B0180441,,,32,LIBERADA,,,32,Switch,,,32,,,,32,,,,32,RANGO SNA,,,32,B2161757,,,32,BD980812,,,32,RANGO SNA,,,32,B7180523,,,32,B8180804,,,32,BB180450,,,32,Ocupada,B6180293,,32,Ocupada,BC180241,,32,BA180158,,,32,,,,32,BE180690,,,32,BE980803,,,32,BE280863,,,32,BB180450,,,32,,,,32,,,,32,B5881031,,,32,BB880381,,,32,BBC81109
,,33,B0180341,,,33,B0061570,,,33,Switch,,,33,,,,33,,,,33,RANGO SNA,,,33,Ocupada,B2180914,,33,,,,33,RANGO SNA,,,33,B7180975,,,33,,,,33,,,,33,ocupada,,,33,,,,33,,,,33,,,,33,BE180794,,,33,,,,33,,,,33,,,,33,,,,33,,,,33,,,,33,BB881065,,,33,
,,34,B0181100,,,34,LIBERADA,,,34,Switch,,,34,,,,34,,,,34,RANGO SNA,,,34,Ocupada,B2180518,,34,,,,34,RANGO SNA,,,34,,,,34,,,,34,,,,34,,,,34,,,,34,,,,34,,,,34,,,,34,,,,34,,,,34,,,,34,,,,34,,,,34,,,,34,BB881109,,,34,
,,35,B0180396,,,35,B0080285,,,35,Switch,,,35,,,,35,,,,35,RANGO SNA,,,35,B2161760,,,35,,,,35,RANGO SNA,,,35,,,,35,,,,35,,,,35,,,,35,,,,35,,,,35,,,,35,,,,35,,,,35,,,,35,,,,35,,,,35,,,,35,,,,35,,,,35,
,,36,B0161603,,,36,,,,36,Switch,,,36,,,,36,,,,36,RANGO SNA,,,36,Ocupada,B2180220,,36,,,,36,RANGO SNA,,,36,,,,36,,,,36,,,,36,,,,36,,,,36,,,,36,,,,36,,,,36,,,,36,,,,36,,,,36,,,,36,,,,36,,,,36,,,,36,
,,37,LIBERADA,,,37,,,,37,Switch,,,37,,,,37,B4180536,,,37,RANGO SNA,,,37,imp.termica,B2161925,,37,,,,37,RANGO SNA,,,37,,,,37,,,,37,,,,37,,,,37,,,,37,,,,37,,,,37,,,,37,,,,37,,,,37,,,,37,,,,37,,,,37,,,,37,,,,37,
,,38,Ocupada,,,38,,,,38,Switch,,,38,,,,38,,,,38,RANGO SNA,,,38,Ocupada,B0180267,,38,,,,38,RANGO SNA,,,38,,,,38,,,,38,,,,38,,,,38,,,,38,,,,38,BD180394,,,38,BD180394,,,38,,,,38,,,,38,,,,38,,,,38,,,,38,,,,38,,,,38,
,,39,B0101563,,,39,,,,39,Switch,,,39,,,,39,,,,39,RANGO SNA,,,39,Ocupada,B2180282,,39,,,,39,RANGO SNA,,,39,,,,39,,,,39,,,,39,,,,39,,,,39,,,,39,,,,39,,,,39,,,,39,,,,39,,,,39,,,,39,,,,39,,,,39,,,,39,
,,40,Ocupada,,,40,,,,40,Switch,,,40,,,,40,,,,40,RANGO SNA,,,40,RANGO SNA,,,40,,,,40,RANGO SNA,,,40,,,,40,,,,40,,,,40,,,,40,,,,40,,,,40,,,,40,,,,40,,,,40,,,,40,,,,40,,,,40,,,,40,,,,40,,,,40,
,,41,LIBERADA,,,41,,,,41,Switch,,,41,,,,41,,,,41,RANGO SNA,,,41,RANGO SNA,,,41,,,,41,RANGO SNA,,,41,,,,41,,,,41,,,,41,,,,41,,,,41,,,,41,,,,41,,,,41,,,,41,,,,41,,,,41,,,,41,,,,41,,,,41,,,,41,
,,42,B0104424,,,42,,,,42,Switch,,,42,,,,42,B4180385,,,42,RANGO SNA,,,42,RANGO SNA,,,42,,,,42,RANGO SNA,,,42,,,,42,,,,42,,,,42,,,,42,,,,42,,,,42,,,,42,,,,42,,,,42,,,,42,,,,42,,,,42,,,,42,,,,42,,,,42,
,,43,Liberada,,,43,,,,43,Switch,,,43,,,,43,,,,43,RANGO SNA,,,43,RANGO SNA,B2100084,,43,,,,43,RANGO SNA,B3103662,,43,,,,43,,,,43,,,,43,,,,43,,,,43,,,,43,,,,43,,,,43,,,,43,,,,43,,,,43,,,,43,,,,43,,,,43,,,,43,
,,44,Ocupada,,,44,,,,44,Switch,,,44,,,,44,,,,44,RANGO SNA,,,44,RANGO SNA,,,44,,,,44,RANGO SNA,,,44,,,,44,,,,44,,,,44,,,,44,,,,44,,,,44,,,,44,,,,44,,,,44,,,,44,,,,44,,,,44,,,,44,,,,44,,,,44,
,,45,Ocupada,,,45,,,,45,Switch,,,45,,,,45,,,,45,RANGO SNA,,,45,liberada,,,45,,,,45,RANGO SNA,,,45,,,,45,,,,45,,,,45,,,,45,,,,45,,,,45,,,,45,,,,45,,,,45,,,,45,,,,45,,,,45,,,,45,,,,45,,,,45,
,,46,B0101468,,,46,,,,46,Switch,,,46,,,,46,,,,46,RANGO SNA,,,46,RANGO SNA,,,46,,,,46,RANGO SNA,,,46,,,,46,,,,46,,,,46,,,,46,,,,46,,,,46,,,,46,,,,46,,,,46,,,,46,,,,46,,,,46,,,,46,,,,46,,,,46,
,,47,B0190629,,,47,,,,47,Switch,,,47,,,,47,,,,47,RANGO SNA,,,47,RANGO SNA,,,47,,,,47,RANGO SNA,,,47,,,,47,,,,47,,,,47,,,,47,,,,47,,,,47,,,,47,,,,47,,,,47,,,,47,,,,47,,,,47,,,,47,,,,47,,,,47,
,,48,B0180324,,,48,,,,48,Switch,,,48,,,,48,,,,48,RANGO SNA,,,48,RANGO SNA,,,48,,,,48,RANGO SNA,,,48,,,,48,,,,48,,,,48,,,,48,,,,48,,,,48,,,,48,,,,48,,,,48,,,,48,,,,48,,,,48,,,,48,,,,48,,,,48,
,,49,B10B0H,,,49,,,,49,Switch,,,49,,,,49,,,,49,RANGO SNA,,,49,RANGO SNA,,,49,,,,49,RANGO SNA,,,49,,,,49,,,,49,,,,49,,,,49,,,,49,,,,49,,,,49,,,,49,,,,49,,,,49,,,,49,,,,49,,,,49,,,,49,,,,49,
,,50,Ocupada,,,50,,,,50,Switch,,,50,,,,50,,,,50,RANGO SNA,Liberada,,50,RANGO SNA,B2180479,,50,,,,50,RANGO SNA,,,50,,,,50,,,,50,,,,50,,,,50,,,,50,,,,50,,,,50,,,,50,,,,50,,,,50,,,,50,,,,50,,,,50,,,,50,,,,50,
,,51,Ocupada,,,51,,,,51,Switch,,,51,,,,51,,,,51,RANGO SNA,,,51,RANGO SNA,,,51,,,,51,RANGO SNA,,,51,,,,51,,,,51,,,,51,,,,51,,,,51,,,,51,,,,51,,,,51,,,,51,,,,51,,,,51,,,,51,,,,51,,,,51,,,,51,
,,52,B0180064,,,52,,,,52,Switch,,,52,,,,52,,,,52,RANGO SNA,,,52,RANGO SNA,,,52,,,,52,RANGO SNA,,,52,,,,52,,,,52,,,,52,,,,52,,,,52,,,,52,,,,52,,,,52,,,,52,,,,52,,,,52,,,,52,,,,52,,,,52,,,,52,
,,53,Ocupada,,,53,,,,53,Switch,,,53,,,,53,,,,53,Ocupada,B1180325,,53,RANGO SNA,Reservada,,53,,,,53,RANGO SNA,,,53,,,,53,,,,53,,,,53,,,,53,,,,53,,,,53,,,,53,,,,53,,,,53,,,,53,,,,53,,,,53,,,,53,,,,53,,,,53,
,,54,B0101326,,,54,,,,54,Switch,,,54,,,,54,,,,54,Ocupada,B1180920,,54,RANGO SNA,,,54,,,,54,RANGO SNA,,,54,,,,54,,,,54,,,,54,,,,54,,,,54,,,,54,,,,54,,,,54,,,,54,,,,54,,,,54,,,,54,,,,54,,,,54,,,,54,
,,55,Ocupada,,,55,,,,55,Switch,,,55,,,,55,,,,55,,,,55,RANGO SNA,B2180695,,55,,,,55,RANGO SNA,,,55,,,,55,,,,55,,,,55,,,,55,,,,55,,,,55,,,,55,,,,55,,,,55,,,,55,,,,55,,,,55,,,,55,,,,55,,,,55,
,,56,Ocupada,,,56,,,,56,Switch,,,56,,,,56,,,,56,,,,56,RANGO SNA,,,56,,,,56,RANGO SNA,,,56,,,,56,,,,56,,,,56,,,,56,,,,56,,,,56,,,,56,,,,56,,,,56,,,,56,,,,56,,,,56,,,,56,,,,56,,,,56,
,,57,B0101579,,,57,,,,57,Switch,,,57,,,,57,,,,57,,,,57,RANGO SNA,,,57,,,,57,RANGO SNA,,,57,,,,57,,,,57,,,,57,,,,57,,,,57,,,,57,,,,57,,,,57,,,,57,,,,57,,,,57,,,,57,,,,57,,,,57,,,,57,
,,58,B0104246,,,58,,,,58,Switch,,,58,,,,58,,,,58,,,,58,RANGO SNA,,,58,,,,58,RANGO SNA,,,58,,,,58,,,,58,,,,58,,,,58,,,,58,,,,58,,,,58,,,,58,,,,58,,,,58,,,,58,,,,58,,,,58,,,,58,,,,58,
,,59,Ocupada,,,59,,,,59,Switch,,,59,,,,59,,,,59,,,,59,RANGO SNA,,,59,,,,59,RANGO SNA,,,59,,,,59,,,,59,,,,59,,,,59,,,,59,,,,59,,,,59,,,,59,,,,59,,,,59,,,,59,,,,59,,,,59,,,,59,,,,59,
,,60,Ocupada,,,60,,,,60,Switch,,,60,,,,60,,,,60,,,,60,RANGO SNA,,,60,,,,60,RANGO SNA,,,60,,,,60,,,,60,,,,60,,,,60,,,,60,,,,60,,,,60,,,,60,,,,60,,,,60,,,,60,,,,60,,,,60,,,,60,,,,60,
,,61,LIBERADA,,,61,,,,61,,,,61,,,,61,,,,61,,,,61,RANGO SNA,,,61,,,,61,RANGO SNA,,,61,,,,61,,,,61,,,,61,,,,61,,,,61,,,,61,,,,61,,,,61,,,,61,,,,61,,,,61,,,,61,,,,61,,,,61,,,,61,
,,62,Ocupada,,,62,,,,62,,,,62,,,,62,,,,62,,,,62,RANGO SNA,,,62,,,,62,RANGO SNA,,,62,,,,62,,,,62,,,,62,,,,62,,,,62,,,,62,,,,62,,,,62,,,,62,,,,62,,,,62,,,,62,,,,62,,,,62,,,,62,
,,63,Ocupada,,,63,,,,63,,,,63,,,,63,,,,63,,,,63,RANGO SNA,,,63,,,,63,RANGO SNA,,,63,,,,63,,,,63,,,,63,,,,63,,,,63,,,,63,,,,63,,,,63,,,,63,,,,63,,,,63,,,,63,,,,63,,,,63,,,,63,
,,64,Ocupada,,,64,,,,64,,,,64,,,,64,,,,64,,,,64,RANGO SNA,,,64,,,,64,RANGO SNA,,,64,,,,64,,,,64,,,,64,,,,64,,,,64,,,,64,,,,64,,,,64,,,,64,,,,64,,,,64,,,,64,,,,64,,,,64,,,,64,
,,65,Ocupada,,,65,,,,65,,,,65,,,,65,,,,65,,,,65,RANGO SNA,,,65,,,,65,RANGO SNA,,,65,,,,65,,,,65,,,,65,,,,65,,,,65,,,,65,,,,65,,,,65,,,,65,,,,65,,,,65,,,,65,,,,65,,,,65,,,,65,
,,66,B0103366,,,66,,,,66,,,,66,,,,66,,,,66,,,,66,RANGO SNA,,,66,,,,66,RANGO SNA,,,66,,,,66,,,,66,,,,66,,,,66,,,,66,,,,66,,,,66,,,,66,,,,66,,,,66,,,,66,,,,66,,,,66,,,,66,,,,66,
,,67,LIBERADA,,,67,,,,67,,,,67,Liberada,,,67,,,,67,Ocupada,B1170119,,67,RANGO SNA,,,67,,,,67,RANGO SNA,,,67,RANGO SNA,B7170032 ,,67,,,,67,,,,67,Ocupada,B6170033 ,,67,,,,67,BA170036 ,,,67,BD170145,,,67,,,,67,,,,67,,,,67,,,,67,,,,67,,,,67,,,,67,,,,67,
,,68,B5180058,,,68,,,,68,,,,68,Ocupada,B5180058,,68,,,,68,,,,68,RANGO SNA,,,68,,,,68,RANGO SNA,,,68,,,,68,,,,68,,,,68,,,,68,,,,68,,,,68,,,,68,,,,68,,,,68,,,,68,,,,68,,,,68,,,,68,,,,68,,,,68,
,,69,Ocupada,,,69,,,,69,,,,69,,,,69,B4180382,,,69,,,,69,RANGO SNA,,,69,,,,69,RANGO SNA,B3103661,,69,,,,69,,,,69,,,,69,,,,69,,,,69,,,,69,,,,69,,,,69,,,,69,,,,69,,,,69,,,,69,,,,69,,,,69,,,,69,
,,70,LIBERADA,,,70,,,,70,,,,70,,,,70,B4101028,,,70,,,,70,RANGO SNA,,,70,,,,70,RANGO SNA,,,70,,,,70,,,,70,,,,70,,,,70,,,,70,,,,70,3389698,,,70,,,,70,,,,70,,,,70,,,,70,,,,70,,,,70,,,,70,,,,70,
,,71,Pruebas,,,71,,,,71,,,,71,,,,71,B4180591,,,71,,,,71,RANGO SNA,B2104301,,71,,,,71,RANGO SNA,B3104672,,71,,,,71,,,,71,,,,71,,,,71,,,,71,,,,71,,,,71,,,,71,,,,71,,,,71,,,,71,,,,71,,,,71,,,,71,,,,71,
,,72,B0180585,,,72,,,,72,,,,72,,,,72,B4180781,,,72,,,,72,RANGO SNA,B2104302,,72,,,,72,libre,,,72,,,,72,,,,72,,,,72,,,,72,,,,72,,,,72,,,,72,,,,72,,,,72,,,,72,,,,72,,,,72,,,,72,,,,72,,,,72,
,,73,LIBERADA,,,73,,,,73,,,,73,,,,73,B4101835,,,73,,,,73,RANGO SNA,B2104303,,73,,,,73,RANGO SNA,BE181134,,73,,,,73,,,,73,,,,73,,,,73,,,,73,,,,73,,,,73,,,,73,,,,73,,,,73,,,,73,,,,73,,,,73,,,,73,,,,73,
,,74,LIBERADA,,,74,,,,74,,,,74,,,,74,,,,74,,,,74,RANGO SNA,B2104304,,74,,,,74,,,,74,,,,74,,,,74,,,,74,,,,74,,,,74,,,,74,,,,74,,,,74,,,,74,,,,74,,,,74,,,,74,,,,74,,,,74,,,,74,
,,75,LIBERADA,B0101093,,75,,,,75,,,,75,,,,75,,,,75,,,,75,RANGO SNA,,,75,,,,75,,,,75,,,,75,,,,75,,,,75,,,,75,,,,75,,,,75,,,,75,,,,75,,,,75,,,,75,,,,75,,,,75,,,,75,,,,75,,,,75,
,,76,LIBERADA,,,76,,,,76,,,,76,,,,76,,,,76,,,,76,RANGO SNA,B2104305,,76,,,,76,,,,76,,,,76,,,,76,,,,76,,,,76,,,,76,,,,76,,,,76,,,,76,,,,76,,,,76,,,,76,,,,76,,,,76,,,,76,,,,76,
,,77,LIBERADA,,,77,,,,77,,,,77,,,,77,,,,77,,,,77,,,,77,,,,77,,,,77,,,,77,,,,77,,,,77,,,,77,,,,77,,,,77,,,,77,,,,77,,,,77,,,,77,,,,77,,,,77,,,,77,,,,77,,,,77,
,,78,LIBERADA,B0101683,,78,,,,78,,,,78,,,,78,,,,78,,,,78,,B2180396,,78,,,,78,,,,78,,,,78,,,,78,,,,78,,,,78,,,,78,,,,78,,,,78,,,,78,,,,78,,,,78,,,,78,,,,78,,,,78,,,,78,,,,78,
,,79,LIBERADA,,,79,,,,79,,,,79,,,,79,B4103188,,,79,,,,79,Ocupada,B2180569,,79,,,,79,,,,79,,,,79,,,,79,,,,79,,,,79,,,,79,,,,79,,,,79,,,,79,,,,79,,,,79,,,,79,,,,79,,,,79,,,,79,,,,79,
,,80,LIBERADA,,,80,CA,,,80,,,,80,,,,80,,,,80,,,,80,,,,80,,,,80,,,,80,,,,80,,,,80,,,,80,,,,80,,,,80,,,,80,,,,80,,,,80,,,,80,,,,80,,,,80,,,,80,,,,80,,,,80,,,,80,
,,81,LIBERADA,,,81,CA,,,81,,,,81,,,,81,,,,81,,,,81,,,,81,,,,81,,,,81,,,,81,,,,81,,,,81,,,,81,,,,81,,,,81,,,,81,,,,81,,,,81,,,,81,,,,81,,,,81,,,,81,,,,81,,,,81,
,,82,B10B1E,,,82,,,,82,,,,82,,,,82,,,,82,,,,82,,,,82,,,,82,,,,82,,,,82,,,,82,,,,82,,,,82,,,,82,,,,82,,,,82,,,,82,,,,82,,,,82,,,,82,,,,82,,,,82,,,,82,,,,82,
,,83,Ocupada,,,83,,,,83,,,,83,,,,83,,,,83,,,,83,,,,83,,,,83,,,,83,,,,83,,,,83,,,,83,,,,83,,,,83,,,,83,,,,83,,,,83,,,,83,,,,83,,,,83,,,,83,,,,83,,,,83,,,,83,
,,84,Ocupada,,,84,,,,84,,,,84,,,,84,,,,84,,,,84,,,,84,,,,84,,,,84,,,,84,,,,84,,,,84,,,,84,,,,84,,,,84,,,,84,,,,84,,,,84,,,,84,,,,84,,,,84,,,,84,,,,84,,,,84,
,,85,B0104582,,,85,,,,85,,,,85,,,,85,,,,85,,,,85,,,,85,,,,85,,,,85,,,,85,,,,85,,,,85,,,,85,,,,85,,,,85,,,,85,,,,85,,,,85,,,,85,,,,85,,,,85,,,,85,,,,85,,,,85,
,,86,Ocupada,,,86,,,,86,,,,86,,,,86,,,,86,,,,86,,,,86,,,,86,,,,86,,,,86,,,,86,,,,86,,,,86,,,,86,,,,86,,,,86,,,,86,,,,86,,,,86,,,,86,,,,86,,,,86,,,,86,,,,86,
,,87,Ocupada,,,87,,,,87,,,,87,,,,87,,,,87,,,,87,,,,87,,,,87,,,,87,,,,87,,,,87,,,,87,,,,87,,,,87,,,,87,,,,87,,,,87,,,,87,,,,87,,,,87,,,,87,,,,87,,,,87,,,,87,
,,88,B0104590,,,88,,,,88,,,,88,,,,88,,,,88,,,,88,,,,88,,,,88,,,,88,,,,88,,,,88,,,,88,,,,88,,,,88,,,,88,,,,88,,,,88,,,,88,,,,88,,,,88,,,,88,,,,88,,,,88,,,,88,
,,89,B0106412,,,89,,,,89,,,,89,,,,89,,,,89,,,,89,,,,89,,,,89,,,,89,,,,89,,,,89,,,,89,,,,89,,,,89,,,,89,,,,89,,,,89,,,,89,,,,89,,,,89,,,,89,,,,89,,,,89,,,,89,
,,90,B0103700,,,90,RELOJ,,,90,,,,90,,,,90,RELOJ,,,90,Reservada Reloj,,,90,RELOJ,,,90,,,,90,RELOJ,,,90,RELOJ,,,90,,,,90,RELOJ,,,90,RELOJ,,,90,,,,90,RELOJ,,,90,RELOJ,,,90,RELOJ,,,90,RELOJ,,,90,RELOJ,,,90,,,,90,,,,90,,,,90,,,,90,RELOJ,,,90,
,,91,Liberada,,,91,RELOJ,,,91,,,,91,,,,91,Reservada Reloj 2,,,91,,,,91,,,,91,,,,91,,,,91,,,,91,,,,91,,,,91,,,,91,,,,91,,,,91,RELOJ,,,91,,,,91,,,,91,,,,91,,,,91,,,,91,,,,91,,,,91,,,,91,
,,92,LIBERADA,,,92,RELOJ,,,92,,,,92,,,,92,,,,92,,,,92,,,,92,,,,92,,,,92,,,,92,,,,92,,,,92,,,,92,,,,92,,,,92,,,,92,,,,92,,,,92,,,,92,,,,92,,,,92,,,,92,,,,92,,,,92,
,,93,LIBERADA,,,93,,,,93,,,,93,,,,93,,,,93,B1190647,,,93,,,,93,,,,93,,,,93,,,,93,,,,93,,,,93,,,,93,,,,93,,,,93,,,,93,,,,93,,,,93,,,,93,,,,93,,,,93,,,,93,,,,93,,,,93,
,,94,B0104581,,,94,,,,94,,,,94,,,,94,,,,94,Camara IP,,,94,Camara IP,,,94,,,,94,Camara IP,,,94,,,,94,,,,94,,,,94,,,,94,,,,94,,,,94,,,,94,,,,94,,,,94,,,,94,,,,94,,,,94,,,,94,,,,94,,,,94,
,,95,B0104580,,,95,,,,95,,,,95,,,,95,,,,95,,,,95,Camara IP,,,95,,,,95,,,,95,,,,95,,,,95,,,,95,,,,95,,,,95,,,,95,,,,95,,,,95,,,,95,,,,95,,,,95,,,,95,,,,95,,,,95,,,,95,
,,96,B0106411,,,96,,,,96,,,,96,Ocupada,B5180258,,96,,,,96,,,,96,,,,96,,,,96,,,,96,,,,96,,,,96,,,,96,,,,96,,,,96,,,,96,,,,96,,,,96,,,,96,,,,96,,,,96,,,,96,,,,96,,,,96,,,,96,
,,97,B0180287,,,97,,,,97,,,,97,,,,97,,,,97,,,,97,,,,97,,,,97,,,,97,,,,97,,,,97,,,,97,,,,97,,,,97,,,,97,,,,97,,,,97,,,,97,,,,97,,,,97,,,,97,,,,97,,,,97,,,,97,
,,98,Pruebas,,,98,,,,98,,,,98,,,,98,,,,98,,,,98,,,,98,,,,98,,,,98,,,,98,,,,98,,,,98,,,,98,,,,98,,,,98,,,,98,,,,98,,,,98,,,,98,,,,98,,,,98,,,,98,,,,98,,,,98,
,,99,B0106228,,,99,,,,99,,,,99,,,,99,,,,99,,,,99,,,,99,,,,99,,,,99,,,,99,,,,99,,,,99,,,,99,,,,99,,,,99,,,,99,,,,99,,,,99,,,,99,,,,99,,,,99,,,,99,,,,99,,,,99,
,,100,B0170119,,,100,,,,100,,,,100,,,,100,,,,100,,,,100,,,,100,,,,100,,,,100,,,,100,,,,100,,,,100,,,,100,,,,100,,,,100,,,,100,,,,100,,,,100,,,,100,,,,100,,,,100,,,,100,,,,100,,,,100,
,,101,B0161056,,,101,B0003595,,,101,,,,101,,,,101,,,,101,,,,101,,,,101,,,,101,,,,101,,,,101,,,,101,,,,101,,,,101,,,,101,,,,101,,,,101,,,,101,,,,101,,,,101,,,,101,,,,101,,,,101,,,,101,,,,101,
,,102,B0103594,,,102,,,,102,,,,102,,,,102,,,,102,,,,102,,,,102,,,,102,,,,102,,,,102,,,,102,,,,102,,,,102,,,,102,,,,102,,,,102,,,,102,,,,102,,,,102,,,,102,,,,102,,,,102,,,,102,,,,102,
,,103,LIBERADA,,,103,,,,103,,,,103,,,,103,,,,103,,,,103,,,,103,,,,103,,,,103,,,,103,,,,103,,,,103,,,,103,,,,103,,,,103,,,,103,,,,103,,,,103,,,,103,,,,103,,,,103,,,,103,,,,103,,,,103,
,,104,B0160037,,,104,,,,104,,,,104,,,,104,,,,104,,,,104,,,,104,,,,104,,,,104,,,,104,,,,104,,,,104,,,,104,,,,104,,,,104,,,,104,,,,104,,,,104,,,,104,,,,104,,,,104,,,,104,,,,104,,,,104,
,,105,LIBERADA,B0190559,,105,,,,105,,,,105,,,,105,,,,105,,,,105,,,,105,,,,105,,,,105,,,,105,,,,105,,,,105,,,,105,,,,105,,,,105,,,,105,,,,105,,,,105,,,,105,,,,105,,,,105,,,,105,,,,105,,,,105,
,,106,LIBERADA,B0103925,,106,,,,106,,,,106,,,,106,,,,106,,,,106,,,,106,,,,106,,,,106,,,,106,,,,106,,,,106,,,,106,,,,106,,,,106,,,,106,,,,106,,,,106,,,,106,,,,106,,,,106,,,,106,,,,106,,,,106,
,,107,LIBERADA,B0103595,,107,,,,107,,,,107,,,,107,,,,107,,,,107,,,,107,,,,107,,,,107,,,,107,,,,107,,,,107,,,,107,,,,107,,,,107,,,,107,,,,107,,,,107,,,,107,,,,107,,,,107,,,,107,,,,107,,,,107,
,,108,LIBERADA,B0103596,,108,,,,108,,,,108,,,,108,,,,108,,,,108,,,,108,,,,108,,,,108,,,,108,,,,108,,,,108,,,,108,,,,108,,,,108,,,,108,,,,108,,,,108,,,,108,,,,108,,,,108,,,,108,,,,108,,,,108,
,,109,LIBERADA,B0101560,,109,,,,109,,,,109,,,,109,,,,109,,,,109,,,,109,,,,109,,,,109,,,,109,,,,109,,,,109,,,,109,,,,109,,,,109,,,,109,,,,109,,,,109,,,,109,,,,109,,,,109,,,,109,,,,109,,,,109,
,,110,LIBERADA,,,110,,,,110,,,,110,,,,110,,,,110,,,,110,,,,110,,,,110,,,,110,,,,110,,,,110,,,,110,,,,110,,,,110,,,,110,,,,110,,,,110,,,,110,,,,110,,,,110,,,,110,,,,110,,,,110,,,,110,
,,111,LIBERADA,B0101998,,111,,,,111,,,,111,,,,111,,,,111,,,,111,,,,111,,,,111,,,,111,,,,111,,,,111,,,,111,,,,111,,,,111,,,,111,,,,111,,,,111,,,,111,,,,111,,,,111,,,,111,,,,111,,,,111,,,,111,
,,112,LIBERADA,,,112,,,,112,,,,112,,,,112,,,,112,,,,112,,,,112,,,,112,,,,112,,,,112,,,,112,,,,112,,,,112,,,,112,,,,112,,,,112,,,,112,,,,112,,,,112,,,,112,,,,112,,,,112,,,,112,,,,112,
,,113,LIBERADA,B0190380,,113,,,,113,,,,113,,,,113,,,,113,,,,113,,,,113,,,,113,,,,113,,,,113,,,,113,,,,113,,,,113,,,,113,,,,113,,,,113,,,,113,,,,113,,,,113,,,,113,,,,113,,,,113,,,,113,,,,113,
,,114,B0180295,,,114,,,,114,,,,114,,,,114,,,,114,,,,114,,,,114,,,,114,,,,114,,,,114,,,,114,,,,114,,,,114,,,,114,,,,114,,,,114,,,,114,,,,114,,,,114,,,,114,,,,114,,,,114,,,,114,,,,114,
,,115,B0103654,,,115,,,,115,,,,115,,,,115,,,,115,,,,115,,,,115,,,,115,,,,115,,,,115,,,,115,,,,115,,,,115,,,,115,,,,115,,,,115,,,,115,,,,115,,,,115,,,,115,,,,115,,,,115,,,,115,,,,115,
,,116,B0180205,,,116,,,,116,,,,116,,,,116,,,,116,,,,116,,,,116,,,,116,,,,116,,,,116,,,,116,,,,116,,,,116,,,,116,,,,116,,,,116,,,,116,,,,116,,,,116,,,,116,,,,116,,,,116,,,,116,,,,116,
,,117,B0103657,,,117,,,,117,,,,117,,,,117,,,,117,,,,117,,,,117,,,,117,,,,117,,,,117,,,,117,,,,117,,,,117,,,,117,,,,117,,,,117,,,,117,,,,117,,,,117,,,,117,,,,117,,,,117,,,,117,,,,117,
,,118,B0103926,,,118,,,,118,,,,118,,,,118,,,,118,,,,118,,,,118,,,,118,,,,118,,,,118,,,,118,,,,118,,,,118,,,,118,,,,118,,,,118,,,,118,,,,118,,,,118,,,,118,,,,118,,,,118,,,,118,,,,118,
,,119,B0103927,,,119,,,,119,,,,119,,,,119,,,,119,,,,119,,,,119,,,,119,,,,119,,,,119,,,,119,,,,119,,,,119,,,,119,,,,119,,,,119,,,,119,,,,119,,,,119,,,,119,,,,119,,,,119,,,,119,,,,119,
,,120,B0100956,,,120,,,,120,,,,120,,,,120,,,,120,,,,120,,,,120,,,,120,,,,120,,,,120,,,,120,,,,120,,,,120,,,,120,,,,120,,,,120,,,,120,,,,120,,,,120,,,,120,,,,120,,,,120,,,,120,,,,120,
,,121,B0106284,,,121,,,,121,,,,121,,,,121,,,,121,,,,121,,,,121,,,,121,,,,121,,,,121,,,,121,,,,121,,,,121,,,,121,,,,121,,,,121,,,,121,,,,121,,,,121,,,,121,,,,121,,,,121,,,,121,,,,121,
,,122,B0180796,,,122,,,,122,,,,122,,,,122,,,,122,,,,122,,,,122,,,,122,,,,122,,,,122,,,,122,,,,122,,,,122,,,,122,,,,122,,,,122,,,,122,,,,122,,,,122,,,,122,,,,122,,,,122,,,,122,,,,122,
,,123,B0104444,,,123,,,,123,,,,123,,,,123,,,,123,,,,123,,,,123,,,,123,,,,123,,,,123,,,,123,,,,123,,,,123,,,,123,,,,123,,,,123,,,,123,,,,123,,,,123,,,,123,,,,123,,,,123,,,,123,,,,123,
,,124,B0104445,,,124,,,,124,,,,124,,,,124,,,,124,,,,124,,,,124,,,,124,,,,124,,,,124,,,,124,,,,124,,,,124,,,,124,,,,124,,,,124,,,,124,,,,124,,,,124,,,,124,,,,124,,,,124,,,,124,,,,124,
,,125,B0104446,,,125,,,,125,,,,125,,,,125,,,,125,,,,125,,,,125,,,,125,,,,125,,,,125,,,,125,,,,125,,,,125,,,,125,,,,125,,,,125,,,,125,,,,125,,,,125,,,,125,,,,125,,,,125,,,,125,,,,125,
,,126,B0180336,,,126,,,,126,,,,126,,,,126,,,,126,,,,126,,,,126,,,,126,,,,126,,,,126,,,,126,,,,126,,,,126,,,,126,,,,126,,,,126,,,,126,,,,126,,,,126,,,,126,,,,126,,,,126,,,,126,,,,126,
,,127,B0106410,,,127,,,,127,,,,127,,,,127,,,,127,,,,127,,,,127,,,,127,,,,127,,,,127,,,,127,,,,127,,,,127,,,,127,,,,127,,,,127,,,,127,,,,127,,,,127,,,,127,,,,127,,,,127,,,,127,,,,127,
,,128,B0161741,,,128,,,,128,,,,128,,,,128,,,,128,,,,128,,,,128,,,,128,,,,128,,,,128,,,,128,,,,128,,,,128,,,,128,,,,128,,,,128,,,,128,,,,128,,,,128,,,,128,,,,128,,,,128,,,,128,,,,128,
,,129,Control de Acceso,B0104535,,129,,,,129,,,,129,,,,129,,,,129,,,,129,,,,129,,,,129,,,,129,,,,129,,,,129,,,,129,,,,129,,,,129,,,,129,,,,129,,,,129,,,,129,,,,129,,,,129,,,,129,,,,129,,,,129,,,,129,
,,130,Control de Acceso,B0103364,,130,,,,130,,,,130,,,,130,,,,130,,,,130,,,,130,,,,130,,,,130,,,,130,,,,130,,,,130,,,,130,,,,130,,,,130,,,,130,,,,130,,,,130,,,,130,,,,130,,,,130,,,,130,,,,130,,,,130,
,,131,Control de Acceso,,,131,,,,131,,,,131,,,,131,,,,131,,,,131,,,,131,,,,131,,,,131,,,,131,,,,131,,,,131,,,,131,,,,131,,,,131,,,,131,,,,131,,,,131,,,,131,,,,131,,,,131,,,,131,,,,131,,,,131,
,,132,Control de Acceso,,,132,B0080969,,,132,,,,132,,,,132,,,,132,,,,132,,,,132,,,,132,,,,132,,,,132,,,,132,,,,132,,,,132,,,,132,,,,132,,,,132,,,,132,,,,132,,,,132,,,,132,,,,132,,,,132,,,,132,,,,132,
,,133,Control de Acceso,B0190382,,133,,,,133,,,,133,,,,133,,,,133,,,,133,,,,133,,,,133,,,,133,,,,133,,,,133,,,,133,,,,133,,,,133,,,,133,,,,133,,,,133,,,,133,,,,133,,,,133,,,,133,,,,133,,,,133,,,,133,
,,134,Control de Acceso,B0190381,,134,,,,134,,,,134,,,,134,,,,134,,,,134,,,,134,,,,134,,,,134,,,,134,,,,134,,,,134,,,,134,,,,134,,,,134,,,,134,,,,134,,,,134,,,,134,,,,134,,,,134,,,,134,,,,134,,,,134,
,,135,Control de Acceso,B0190402,,135,,,,135,,,,135,,,,135,,,,135,,,,135,,,,135,,,,135,,,,135,,,,135,,,,135,,,,135,,,,135,,,,135,,,,135,,,,135,,,,135,,,,135,,,,135,,,,135,,,,135,,,,135,,,,135,,,,135,
,,136,B0180243,,,136,,,,136,,,,136,,,,136,,,,136,,,,136,,,,136,,,,136,,,,136,,,,136,,,,136,,,,136,,,,136,,,,136,,,,136,,,,136,,,,136,,,,136,,,,136,,,,136,,,,136,,,,136,,,,136,,,,136,
,,137,B0180242,,,137,,,,137,,,,137,,,,137,,,,137,,,,137,,,,137,,,,137,,,,137,,,,137,,,,137,,,,137,,,,137,,,,137,,,,137,,,,137,,,,137,,,,137,,,,137,,,,137,,,,137,,,,137,,,,137,,,,137,
,,138,B0170139,,,138,,,,138,,,,138,,,,138,,,,138,,,,138,,,,138,,,,138,,,,138,,,,138,,,,138,,,,138,,,,138,,,,138,,,,138,,,,138,,,,138,,,,138,,,,138,,,,138,,,,138,,,,138,,,,138,,,,138,
,,139,B0160878,,,139,,,,139,,,,139,,,,139,,,,139,,,,139,,,,139,,,,139,,,,139,,,,139,,,,139,,,,139,,,,139,,,,139,,,,139,,,,139,,,,139,,,,139,,,,139,,,,139,,,,139,,,,139,,,,139,,,,139,
,,140,B0101562,,,140,,,,140,,,,140,,,,140,,,,140,,,,140,,,,140,,,,140,,,,140,,,,140,,,,140,,,,140,,,,140,,,,140,,,,140,,,,140,,,,140,,,,140,,,,140,,,,140,,,,140,,,,140,,,,140,,,,140,
,,141,B0101571,,,141,,,,141,,,,141,Ocupada,B5180287,,141,,,,141,,,,141,,,,141,,,,141,,,,141,,,,141,,,,141,,,,141,,,,141,,,,141,,,,141,,,,141,,,,141,,,,141,,,,141,,,,141,,,,141,,,,141,,,,141,,,,141,
,,142,CA-P1-SS,,,142,,,,142,,,,142,,,,142,,,,142,,,,142,,,,142,,,,142,,,,142,,,,142,,,,142,,,,142,,,,142,,,,142,,,,142,,,,142,,,,142,,,,142,,,,142,,,,142,,,,142,,,,142,,,,142,,,,142,
,,143,B0106372,,,143,,,,143,,,,143,,,,143,,,,143,,,,143,,,,143,,,,143,,,,143,,,,143,,,,143,,,,143,,,,143,,,,143,,,,143,,,,143,,,,143,,,,143,,,,143,,,,143,,,,143,,,,143,,,,143,,,,143,
,,144,B0180244,,,144,,,,144,,,,144,,,,144,,,,144,,,,144,,,,144,,,,144,,,,144,,,,144,,,,144,,,,144,,,,144,,,,144,,,,144,,,,144,,,,144,,,,144,,,,144,,,,144,,,,144,,,,144,,,,144,,,,144,
,,145,B0101111,,,145,,,,145,,,,145,,,,145,,,,145,,,,145,,,,145,,,,145,,,,145,,,,145,,,,145,,,,145,,,,145,,,,145,,,,145,,,,145,,,,145,,,,145,,,,145,,,,145,,,,145,,,,145,,,,145,,,,145,
,,146,B0101319,,,146,,,,146,,,,146,,,,146,,,,146,,,,146,,,,146,,,,146,,,,146,,,,146,,,,146,,,,146,,,,146,,,,146,,,,146,,,,146,,,,146,,,,146,,,,146,,,,146,,,,146,,,,146,,,,146,,,,146,
,,147,B10B37,,,147,,,,147,,,,147,,,,147,,,,147,,,,147,,,,147,,,,147,,,,147,,,,147,,,,147,,,,147,,,,147,,,,147,,,,147,,,,147,,,,147,,,,147,,,,147,,,,147,,,,147,,,,147,,,,147,,,,147,
,,148,B0100780,,,148,,,,148,,,,148,,,,148,,,,148,,,,148,,,,148,,,,148,,,,148,,,,148,,,,148,,,,148,,,,148,,,,148,,,,148,,,,148,,,,148,,,,148,,,,148,,,,148,,,,148,,,,148,,,,148,,,,148,
,,149,B0100784,,,149,,,,149,,,,149,,,,149,,,,149,,,,149,,,,149,,,,149,,,,149,,,,149,,,,149,,,,149,,,,149,,,,149,,,,149,,,,149,,,,149,,,,149,,,,149,,,,149,,,,149,,,,149,,,,149,,,,149,
,,150,Control de Acceso,B0190179,,150,,,,150,,,,150,,,,150,,,,150,,,,150,ocupado,B2106087,,150,,,,150,,,,150,,,,150,,,,150,,,,150,,,,150,,,,150,,,,150,,,,150,,,,150,,,,150,,,,150,,,,150,,,,150,,,,150,,,,150,,,,150,
,,151,B0100785,,,151,,,,151,,,,151,,,,151,,,,151,,,,151,,,,151,,,,151,,,,151,,,,151,,,,151,,,,151,,,,151,,,,151,,,,151,,,,151,,,,151,,,,151,,,,151,,,,151,,,,151,,,,151,,,,151,,,,151,
,,152,B0101318,,,152,,,,152,,,,152,,,,152,,,,152,,,,152,CCTV,,,152,,,,152,,,,152,,,,152,,,,152,,,,152,,,,152,,,,152,,,,152,,,,152,,,,152,,,,152,,,,152,,,,152,,,,152,,,,152,,,,152,,,,152,
,,153,B0100783,,,153,,,,153,,,,153,,,,153,,,,153,,,,153,CCTV,,,153,,,,153,,,,153,,,,153,,,,153,,,,153,,,,153,,,,153,,,,153,,,,153,,,,153,,,,153,,,,153,,,,153,,,,153,,,,153,,,,153,,,,153,
,,154,B0100808,,,154,,,,154,,,,154,,,,154,,,,154,,,,154,CCTV,,,154,,,,154,,,,154,,,,154,,,,154,,,,154,,,,154,,,,154,,,,154,,,,154,,,,154,,,,154,,,,154,,,,154,,,,154,,,,154,,,,154,,,,154,
,,155,B0180562,,,155,,,,155,,,,155,,,,155,,,,155,,,,155,CCTV,,,155,,,,155,,,,155,,,,155,,,,155,,,,155,,,,155,,,,155,,,,155,,,,155,,,,155,,,,155,,,,155,,,,155,,,,155,,,,155,,,,155,,,,155,
,,156,B0104247,,,156,,,,156,,,,156,,,,156,,,,156,,,,156,CCTV,,,156,,,,156,,,,156,,,,156,,,,156,,,,156,,,,156,,,,156,,,,156,,,,156,,,,156,,,,156,,,,156,,,,156,,,,156,,,,156,,,,156,,,,156,
,,157,B0104244,,,157,,,,157,,,,157,,,,157,,,,157,,,,157,CCTV,,,157,,,,157,,,,157,,,,157,,,,157,,,,157,,,,157,,,,157,,,,157,,,,157,,,,157,,,,157,,,,157,,,,157,,,,157,,,,157,,,,157,,,,157,
,,158,B0161625,,,158,,,,158,,,,158,,,,158,,,,158,,,,158,CCTV,,,158,,,,158,,,,158,,,,158,,,,158,,,,158,,,,158,,,,158,,,,158,,,,158,,,,158,,,,158,,,,158,,,,158,,,,158,,,,158,,,,158,,,,158,
,,159,B0103803,,,159,,,,159,,,,159,,,,159,,,,159,,,,159,,,,159,,,,159,,,,159,,,,159,,,,159,,,,159,,,,159,,,,159,,,,159,,,,159,,,,159,,,,159,,,,159,,,,159,,,,159,,,,159,,,,159,,,,159,
,,160,CA-Sala MLN,,,160,,,,160,,,,160,,,,160,,,,160,,,,160,,,,160,,,,160,,,,160,,,,160,,,,160,,,,160,,,,160,,,,160,,,,160,,,,160,,,,160,,,,160,,,,160,,,,160,,,,160,,,,160,,,,160,,,,160,
,,161,Control de Acceso,B0105469,,161,,,,161,,,,161,,,,161,,,,161,,,,161,,,,161,,,,161,,,,161,,,,161,,,,161,,,,161,,,,161,,,,161,,,,161,,,,161,,,,161,,,,161,,,,161,,,,161,,,,161,,,,161,,,,161,,,,161,
,,162,Control de Acceso,B0106188,,162,,,,162,,,,162,,,,162,,,,162,,,,162,,,,162,,,,162,,,,162,,,,162,,,,162,,,,162,,,,162,,,,162,,,,162,,,,162,,,,162,,,,162,,,,162,,,,162,,,,162,,,,162,,,,162,,,,162,
,,163,Control de Acceso,,,163,,,,163,,,,163,,,,163,,,,163,,,,163,,,,163,,,,163,,,,163,,,,163,,,,163,,,,163,,,,163,,,,163,,,,163,,,,163,,,,163,,,,163,,,,163,,,,163,,,,163,,,,163,,,,163,,,,163,
,,164,B0104242,,,164,,,,164,,,,164,,,,164,,,,164,,,,164,,,,164,,,,164,,,,164,,,,164,,,,164,,,,164,,,,164,,,,164,,,,164,,,,164,,,,164,,,,164,,,,164,,,,164,,,,164,,,,164,,,,164,,,,164,
,,165,B0104111,,,165,,,,165,,,,165,,,,165,,,,165,,,,165,,,,165,,,,165,,,,165,,,,165,,,,165,,,,165,,,,165,,,,165,,,,165,,,,165,,,,165,,,,165,,,,165,,,,165,,,,165,,,,165,,,,165,,,,165,
,,166,B0106239,,,166,,,,166,,,,166,,,,166,,,,166,,,,166,,,,166,,,,166,,,,166,,,,166,,,,166,,,,166,,,,166,,,,166,,,,166,,,,166,,,,166,,,,166,,,,166,,,,166,,,,166,,,,166,,,,166,,,,166,
,,167,B0106238,,,167,,,,167,,,,167,,,,167,,,,167,,,,167,,,,167,,,,167,,,,167,,,,167,,,,167,,,,167,,,,167,,,,167,,,,167,,,,167,,,,167,,,,167,,,,167,,,,167,,,,167,,,,167,,,,167,,,,167,
,,168,B0180532,,,168,,,,168,,,,168,,,,168,,,,168,,,,168,,,,168,,,,168,,,,168,,,,168,,,,168,,,,168,,,,168,,,,168,,,,168,,,,168,,,,168,,,,168,,,,168,,,,168,,,,168,,,,168,,,,168,,,,168,
,,169,B0103977,,,169,,,,169,,,,169,,,,169,,,,169,,,,169,,,,169,,,,169,,,,169,,,,169,,,,169,,,,169,,,,169,,,,169,,,,169,,,,169,,,,169,,,,169,,,,169,,,,169,,,,169,,,,169,,,,169,,,,169,
,,170,B0104249,,,170,,,,170,,,,170,,,,170,,,,170,,,,170,,,,170,,,,170,,,,170,,,,170,,,,170,,,,170,,,,170,,,,170,,,,170,,,,170,,,,170,,,,170,,,,170,,,,170,,,,170,,,,170,,,,170,,,,170,
,,171,B0104245,,,171,,,,171,,,,171,,,,171,,,,171,,,,171,,,,171,,,,171,,,,171,,,,171,,,,171,,,,171,,,,171,,,,171,,,,171,,,,171,,,,171,,,,171,,,,171,,,,171,Provisoria Enrolamiento,,,171,,,,171,,,,171,,,,171,
,,172,B0101320,,,172,,,,172,,,,172,,,,172,,,,172,,,,172,,,,172,,,,172,,,,172,,,,172,,,,172,,,,172,,,,172,,,,172,,,,172,,,,172,,,,172,,,,172,,,,172,,,,172,,,,172,,,,172,,,,172,,,,172,
,,173,B0101325,,,173,,,,173,,,,173,,,,173,,,,173,,,,173,,,,173,,,,173,,,,173,,,,173,,,,173,,,,173,,,,173,,,,173,,,,173,,,,173,,,,173,,,,173,,,,173,,,,173,,,,173,,,,173,,,,173,,,,173,
,,174,B0180561,,,174,,,,174,,,,174,,,,174,,,,174,,,,174,,,,174,,,,174,,,,174,,,,174,,,,174,,,,174,,,,174,,,,174,,,,174,,,,174,,,,174,,,,174,,,,174,,,,174,,,,174,,,,174,,,,174,,,,174,
,,175,B0103403,,,175,,,,175,,,,175,,,,175,,,,175,,,,175,,,,175,,,,175,,,,175,,,,175,,,,175,,,,175,,,,175,,,,175,,,,175,,,,175,,,,175,,,,175,,,,175,,,,175,,,,175,,,,175,,,,175,,,,175,
,,176,B0180563,,,176,,,,176,,,,176,,,,176,,,,176,,,,176,,,,176,,,,176,,,,176,,,,176,,,,176,,,,176,,,,176,,,,176,,,,176,,,,176,,,,176,,,,176,,,,176,,,,176,,,,176,,,,176,,,,176,,,,176,
,,177,B0104426,,,177,,,,177,,,,177,,,,177,,,,177,,,,177,,,,177,,,,177,,,,177,,,,177,,,,177,,,,177,,,,177,,,,177,,,,177,,,,177,,,,177,,,,177,,,,177,,,,177,,,,177,,,,177,,,,177,,,,177,
,,178,B0101092,,,178,,,,178,,,,178,,,,178,,,,178,,,,178,,,,178,,,,178,,,,178,,,,178,,,,178,,,,178,,,,178,,,,178,,,,178,,,,178,,,,178,,,,178,,,,178,,,,178,,,,178,,,,178,,,,178,,,,178,
,,179,B0180335,,,179,,,,179,,,,179,,,,179,,,,179,,,,179,,,,179,,,,179,,,,179,,,,179,,,,179,,,,179,,,,179,,,,179,,,,179,,,,179,,,,179,,,,179,,,,179,,,,179,,,,179,,,,179,,,,179,,,,179,
,,180,B0101683,,,180,,,,180,,,,180,,,,180,,,,180,,,,180,,,,180,,,,180,,,,180,,,,180,,,,180,,,,180,,,,180,,,,180,,,,180,,,,180,,,,180,,,,180,,,,180,,,,180,,,,180,,,,180,,,,180,,,,180,
,,181,B0180485,,,181,,,,181,Video Portero,,,181,,,,181,,,,181,,,,181,,,,181,,,,181,,,,181,,,,181,,,,181,,,,181,,,,181,,,,181,,,,181,,,,181,,,,181,,,,181,,,,181,,,,181,,,,181,,,,181,,,,181,,,,181,
,,182,ocupada,,,182,,,,182,Video Portero,,,182,,,,182,,,,182,,,,182,,,,182,,,,182,,,,182,,,,182,,,,182,,,,182,,,,182,,,,182,,,,182,,,,182,,,,182,,,,182,,,,182,,,,182,,,,182,,,,182,,,,182,,,,182,
,,183,Control de Acceso,,,183,,,,183,Video Portero,,,183,,,,183,,,,183,,,,183,,,,183,,,,183,,,,183,,,,183,,,,183,,,,183,,,,183,,,,183,,,,183,,,,183,,,,183,,,,183,,,,183,,,,183,,,,183,,,,183,,,,183,,,,183,
,,184,Control de Acceso,,,184,,,,184,,,,184,,,,184,,,,184,,,,184,,,,184,,,,184,,,,184,,,,184,,,,184,,,,184,,,,184,,,,184,,,,184,,,,184,,,,184,,,,184,,,,184,,,,184,,,,184,,,,184,,,,184,,,,184,
,,185,LIBERADA,,,185,,,,185,,,,185,,,,185,,,,185,,,,185,,,,185,,,,185,,,,185,,,,185,,,,185,,,,185,,,,185,,,,185,,,,185,,,,185,,,,185,,,,185,,,,185,,,,185,,,,185,,,,185,,,,185,,,,185,
,,186,LIBERADA,,,186,,,,186,,,,186,,,,186,,,,186,,,,186,,,,186,,,,186,,,,186,,,,186,,,,186,,,,186,,,,186,,,,186,,,,186,,,,186,,,,186,,,,186,,,,186,,,,186,,,,186,,,,186,,,,186,,,,186,
,,187,LIBERADA,,,187,,,,187,,,,187,,,,187,,,,187,,,,187,,,,187,,,,187,,,,187,,,,187,,,,187,,,,187,,,,187,,,,187,,,,187,,,,187,,,,187,,,,187,,,,187,,,,187,,,,187,,,,187,,,,187,,,,187,
,,188,LIBERADA,,,188,,,,188,,,,188,,,,188,,,,188,,,,188,,,,188,,,,188,,,,188,,,,188,,,,188,,,,188,,,,188,,,,188,,,,188,,,,188,,,,188,,,,188,,,,188,,,,188,,,,188,,,,188,,,,188,,,,188,
,,189,LIBERADA,,,189,,,,189,,,,189,,,,189,,,,189,,,,189,,,,189,,,,189,,,,189,,,,189,,,,189,,,,189,,,,189,,,,189,,,,189,,,,189,,,,189,,,,189,,,,189,,,,189,,,,189,,,,189,,,,189,,,,189,
,,190,LIBERADA,B0150003,,190,B0050077,,,190,,,,190,,,,190,B4150001,,,190,,,,190,,,,190,,,,190,Ocupada,B3150043,,190,ocupada,B7150074,,190,,,,190,,,,190,,,,190,,,,190,,,,190,,,,190,,,,190,,,,190,,,,190,,,,190,,,,190,,,,190,,,,190,,,,190,
,,191,Control de Acceso,B0190171,,191,,,,191,,,,191,,,,191,B4150082,,,191,,,,191,,,,191,,,,191,,,,191,,,,191,,,,191,,,,191,,,,191,,,,191,,,,191,,,,191,,,,191,,,,191,,,,191,,,,191,,,,191,,,,191,,,,191,,,,191,
,,192,B0101333,B0101333,,192,,,,192,,,,192,,,,192,B1190898,,,192,,,,192,,,,192,,,,192,,,,192,,,,192,,,,192,,,,192,,,,192,,,,192,,,,192,,,,192,,,,192,,,,192,,,,192,,,,192,,,,192,,,,192,,,,192,,,,192,
,,193,Control de Acceso,,,193,,,,193,,,,193,,,,193,,,,193,B1190890,,,193,,,,193,,,,193,,,,193,,,,193,,,,193,,,,193,,,,193,,,,193,,,,193,,,,193,,,,193,,,,193,,,,193,,,,193,,,,193,,,,193,,,,193,,,,193,
,,194,Control de Acceso,B0180259,,194,,,,194,,,,194,,,,194,,,,194,B1190887,,,194,,,,194,,,,194,,,,194,,,,194,,,,194,,,,194,,,,194,,,,194,,,,194,,,,194,,,,194,,,,194,,,,194,,,,194,,,,194,,,,194,,,,194,,,,194,
,,195,LIBERADA,B0100955,,195,,,,195,,,,195,Ocupada,B1190057,,195,,,,195,,,,195,,,,195,,,,195,,,,195,,,,195,,,,195,,,,195,,,,195,,,,195,,,,195,,,,195,,,,195,,,,195,,,,195,,,,195,,,,195,,,,195,,,,195,,,,195,
,,196,Control de Acceso,B0100956,,196,,,,196,,,,196,,,,196,,,,196,,,,196,,,,196,,,,196,,,,196,,,,196,,,,196,,,,196,,,,196,,,,196,,,,196,,,,196,,,,196,,,,196,,,,196,,,,196,,,,196,,,,196,,,,196,,,,196,
,,197,Control de Acceso,B0100958,,197,,,,197,,,,197,,,,197,,,,197,,,,197,,,,197,,,,197,,,,197,,,,197,,,,197,,,,197,,,,197,,,,197,,,,197,,,,197,,,,197,,,,197,,,,197,,,,197,,,,197,,,,197,,,,197,,,,197,
,,198,Control de Acceso,B0100959,,198,,,,198,,,,198,,,,198,,,,198,,,,198,,,,198,,,,198,,,,198,,,,198,,,,198,,,,198,,,,198,,,,198,,,,198,,,,198,,,,198,,,,198,,,,198,,,,198,,,,198,,,,198,,,,198,,,,198,
,,199,Control de Acceso,B0106228,,199,,,,199,,,,199,,,,199,,,,199,,,,199,,,,199,,,,199,,,,199,,,,199,,,,199,,,,199,,,,199,,,,199,,,,199,,,,199,,,,199,,,,199,,,,199,,,,199,,,,199,,,,199,,,,199,,,,199,
,,200,B0101375,spi,,200,,,,200,,,,200,,,,200,B4102159,,,200,Provisoria,,,200,Provisoria,,,200,,,,200,,,,200,,,,200,,,,200,,,,200,,,,200,,,,200,,,,200,,,,200,,,,200,,,,200,,,,200,,,,200,,,,200,,,,200,,,,200,,,,200,
,,201,OCUPADA,B0101559,,201,LIBERADA,,,201,Camara IP,,,201,Ocupada,B5101559,,201,B4101331,,,201,Ocupada,,,201,Ocupada,B2104589,,201,BD907078,,,201,Ocupada,,,201,Ocupada,B7103599,,201,,,,201,BB100672,,,201,Ocupada,B6103592,,201,Liberada,,,201,BA104044,,,201,B8101337,,,201,BE105131,,,201,BE905173,,,201,BE205957,,,201,BB103559,,,201,BF007671,,,201,BF807672,,,201,Liberada,,,201,BB802148,,,201,BBC08297
,,202,oCUPADA,B0104098,,202,B0003698,,,202,Camara IP,,,202,Ocupada,B5101562,,202,B4103597,,,202,Ocupada,B1104124,,202,Ocupada,,,202,BD907085,,,202,ocupada,B3106753,,202,Ocupada,B7160041,,202,,,,202,,,,202,Ocupada,B6160035,,202,BC105168,,,202,BA107329,,,202,BD105117,,,202,BE105158,,,202,,,,202,,,,202,,,,202,BF007834,,,202,BF807832,,,202,,,,202,BB804933,,,202,BBC08298
,,203,B0107288,B0104113,,203,B0006632,,,203,Camara IP,,,203,Ocupada,B5101560,,203,B4103598,,,203,Ocupada,,,203,Ocupada,,,203,,,,203,Ocupada,,,203,Ocupada,B7105175,,203,,,,203,,,,203,Ocupada,B6104678,,203,,,,203,,,,203,BD105157,,,203,BE105204,,,203,,,,203,,,,203,,,,203,BF007835,,,203,BF807833,,,203,,,,203,BB804932,,,203,
,,204,LIBERADA,B0104918,,204,B0006659,,,204,Camara IP,,,204,Ocupada,B5170119,,204,B4160040,,,204,Ocupada,,,204,Ocupada,,,204,,,,204,Ocupada,B3103593,,204,Ocupada,B7104515,,204,,,,204,,,,204,Ocupada,B6106001,,204,,,,204,,,,204,BD105118,,,204,ocupada,BE106149,,204,,,,204,,,,204,,,,204,BF007836,,,204,,,,204,,,,204,BB804931,,,204,
,,205,LIBERADA,B0170120,,205,ocupada,,,205,Camara IP,,,205,Ocupada,B5101571,,205,B4103637,,,205,Ocupada,,,205,liberada,,,205,,,,205,Ocupada,B3160036,,205,Ocupada,,,205,,,,205,,,,205,liberada,,,205,,,,205,,,,205,BD105211,,,205,ocupada,BE106161,,205,,,,205,,,,205,,,,205,BF007837,,,205,,,,205,,,,205,BB808297,,,205,
,,206,LIBERADA,B0007029,,206,ocupada,,,206,Camara IP,,,206,Ocupada,B5101110,,206,B4103641,,,206,Ocupada,B1104452,,206,Ocupada,,,206,,,,206,Liberada ,B3103368,,206,,,,206,,,,206,,,,206,,,,206,,,,206,,,,206,BD107661,,,206,ocupada,BE106190,,206,,,,206,,,,206,,,,206,BF007838,,,206,,,,206,,,,206,,,,206,
,,207,B0160990,,,207,B0005128,,,207,Camara IP,,,207,Ocupada,B5101558,,207,B4103928,,,207,Ocupada,B1107179,,207,Ocupada,,,207,,,,207,Ocupada,B3103785,,207,ocupada,,,207,,,,207,,,,207,,,,207,,,,207,,,,207,,,,207,Liberada,,,207,,,,207,,,,207,,,,207,BF007839,,,207,,,,207,,,,207,,,,207,
,,208,B0103424,,,208,Liberada,,,208,Camara IP,,,208,Liberada,,,208,B4103929,,,208,ocupada,,,208,Ocupada,B2103600,,208,,,,208,Ocupada,B3104021,,208,ocupada,,,208,,,,208,,,,208,,,,208,,,,208,,,,208,,,,208,,,,208,,,,208,,,,208,,,,208,BF007840,,,208,,,,208,,,,208,,,,208,
,,209,B0100097,,,209,ocupada,,,209,Camara IP,,,209,Ocupada,B5101569,,209,B4104447,,,209,ocupada,B1107499,,209,Provisoria,,,209,,,,209,ocupada,B3106420,,209,,,,209,,,,209,,,,209,,,,209,,,,209,,,,209,,,,209,,,,209,,,,209,,,,209,,,,209,BF007841,,,209,,,,209,,,,209,,,,209,
,,210,B0160855,,,210,ocupada,,,210,Camara IP,,,210,Ocupada,B5101570,,210,B4105372,,,210,liberada,,,210,liberada,,,210,,,,210,ocupada,B3106753,,210,,,,210,,,,210,,,,210,,,,210,,,,210,,,,210,,,,210,,,,210,,,,210,,,,210,,,,210,BF000862,,,210,,,,210,,,,210,,,,210,
,,211,LIBERADA,,,211,B0006225,,,211,Camara IP,,,211,Ocupada,B5103595,,211,B4105539,,,211,Ocupada,B1105207,,211,Ocupada,B2105132,,211,,,,211,ocupada,B3108192,,211,,,,211,,,,211,,,,211,,,,211,,,,211,,,,211,,,,211,,,,211,,,,211,,,,211,,,,211,,,,211,,,,211,,,,211,,,,211,
,,212,B0180007,,,212,B0008198,,,212,Camara IP,,,212,Ocupada,B5103596,,212,B4105918,,,212,liberada,,,212,Ocupada,B2105133,,212,,,,212,Ocupada,B3108225,,212,,,,212,,,,212,,,,212,,,,212,,,,212,,,,212,,,,212,,,,212,,,,212,,,,212,,,,212,,,,212,,,,212,,,,212,,,,212,
,,213,CA-P0-18,,,213,B0008243,,,213,Camara IP,,,213,Ocupada,B5160038,,213,ocupada,B4106418,,213,Liberada,,,213,Ocupada,,,213,,,,213,Ocupada,B3108372,,213,,,,213,,,,213,,,,213,,,,213,,,,213,,,,213,,,,213,,,,213,,,,213,,,,213,,,,213,,,,213,,,,213,,,,213,,,,213,
,,214,CA-S1-01,,,214,B0005943,,,214,Camara IP,,,214,Ocupada,B5103924,,214,ocupada,B4106482,,214,ocupada,B1103647,,214,liberada,,,214,,,,214,Ocupada,B3108404,,214,,,,214,,,,214,,,,214,,,,214,,,,214,,,,214,,,,214,,,,214,,,,214,,,,214,,,,214,,,,214,,,,214,,,,214,,,,214,
,,215,CA-S1-02,B0100318,,215,B0000780,,,215,Camara IP,,,215,Ocupada,B5103925,,215,Ocupada,,,215,ocupada,B1103664,,215,liberada,,,215,,,,215,Liberada ,B3106502,,215,,,,215,,,,215,,,,215,,,,215,,,,215,,,,215,,,,215,,,,215,,,,215,,,,215,,,,215,,,,215,,,,215,,,,215,,,,215,
,,216,B0102999,,,216,B0000808,,,216,Camara IP,,,216,,,,216,ocupada,,,216,ocupada,B1105134,,216,Ocupada,B2105221,,216,,,,216,Ocupada,B3103223,,216,,,,216,,,,216,,,,216,,,,216,,,,216,,,,216,,,,216,,,,216,,,,216,,,,216,,,,216,,,,216,,,,216,,,,216,,,,216,
,,217,LIBERADA,,,217,B0001562,,,217,Camara IP,,,217,,,,217,,,,217,ocupada,B1103646,,217,Ocupada,B2105621,,217,,,,217,,,,217,,,,217,,,,217,,,,217,,,,217,,,,217,,,,217,,,,217,,,,217,,,,217,,,,217,,,,217,,,,217,,,,217,,,,217,,,,217,
,,218,B0101650,,,218,B0000783,,,218,Camara IP,,,218,,,,218,ocupada,B4106991,,218,ocupada,B1101277,,218,Ocupada,B2105622,,218,,,,218,,,,218,,,,218,,,,218,,,,218,,,,218,,,,218,,,,218,,,,218,,,,218,,,,218,,,,218,,,,218,,,,218,,,,218,,,,218,,,,218,
,,219,ocupada,,,219,B0006329,,,219,Camara IP,,,219,,,,219,Ocupada,B4108114,,219,ocupada,B1101275,,219,Ocupada,B2105634,,219,,,,219,,,,219,,,,219,,,,219,,,,219,,,,219,,,,219,,,,219,,,,219,,,,219,,,,219,,,,219,,,,219,,,,219,,,,219,,,,219,,,,219,
,,220,B0101038,,,220,B0001325,,,220,Camara IP,,,220,,,,220,,,,220,Ocupada,B1105126,,220,Ocupada,B2106080,,220,,,,220,,,,220,Ocupada,B7102698,,220,,,,220,,,,220,,,,220,,,,220,,,,220,,,,220,,,,220,,,,220,,,,220,,,,220,,,,220,,,,220,,,,220,,,,220,
,,221,B0103561,,,221,B0001320,,,221,Camara IP,,,221,,,,221,,,,221,Ocupada,B1103648,,221,ocupada,B2106421,,221,,,,221,,,,221,,,,221,,,,221,,,,221,,,,221,,,,221,,,,221,,,,221,,,,221,,,,221,,,,221,,,,221,,,,221,,,,221,,,,221,,,,221,
,,222,B0101278,,,222,Liberada,,,222,Camara IP,,,222,,,,222,,,,222,Ocupada,B1107338,,222,Ocupada,B2107081,,222,,,,222,,,,222,,,,222,,,,222,,,,222,,,,222,,,,222,,,,222,,,,222,,,,222,,,,222,,,,222,,,,222,,,,222,,,,222,,,,222,,,,222,
,,223,LIBERADA,,,223,B0004249,,,223,Camara IP,,,223,,,,223,,,,223,Ocupada,B1107339,,223,Ocupada,B2107084,,223,,,,223,,,,223,,,,223,,,,223,,,,223,,,,223,,,,223,,,,223,,,,223,,,,223,,,,223,,,,223,,,,223,,,,223,,,,223,,,,223,,,,223,
,,224,ocupada,,,224,B0001318,,,224,Camara IP,,,224,,,,224,,,,224,Ocupada,B1107340,,224,Ocupada,B2103800,,224,,,,224,,,,224,,,,224,,,,224,,,,224,,,,224,,,,224,,,,224,,,,224,,,,224,,,,224,,,,224,,,,224,,,,224,,,,224,,,,224,,,,224,
,,225,CA-P0-19,,,225,B0008899,,,225,Camara IP,,,225,,,,225,,,,225,Ocupada,B1104113,,225,Ocupada,B2107851,,225,,,,225,,,,225,,,,225,,,,225,,,,225,,,,225,,,,225,,,,225,,,,225,,,,225,,,,225,,,,225,,,,225,,,,225,,,,225,,,,225,,,,225,
,,226,CA-P0-20,,,226,,,,226,Camara IP,,,226,,,,226,Cámara,correo Guillen(26/11/21),,226,Ocupada,B1106284,,226,,,,226,,,,226,,,,226,CAMARA IP,,,226,,,,226,,,,226,,,,226,,,,226,,,,226,,,,226,,,,226,,,,226,,,,226,,,,226,,,,226,,,,226,,,,226,,,,226,
,,227,CA-P0-21,,,227,,,,227,Camara IP,,,227,,,,227,Cámara,correo Guillen(26/11/21),,227,Ocupada,B1101569,,227,,,,227,,,,227,,,,227,CAMARA IP,,,227,,,,227,,,,227,,,,227,,,,227,,,,227,,,,227,,,,227,,,,227,,,,227,,,,227,,,,227,,,,227,,,,227,,,,227,
,,228,CA-P0-22,,,228,,,,228,Camara IP,,,228,,,,228,Cámara,correo Guillen(26/11/21),,228,Ocupada,B1107341,,228,,,,228,,,,228,,,,228,CAMARA IP,,,228,,,,228,,,,228,,,,228,,,,228,,,,228,,,,228,,,,228,,,,228,,,,228,,,,228,,,,228,,,,228,,,,228,,,,228,
,,229,B0104423,,,229,,,,229,Camara IP,,,229,,,,229,Cámara,correo Guillen(26/11/21),,229,Ocupada,B1101711,,229,,,,229,,,,229,,,,229,CAMARA IP,,,229,,,,229,,,,229,,,,229,,,,229,,,,229,,,,229,,,,229,,,,229,,,,229,,,,229,,,,229,,,,229,,,,229,,,,229,
,,230,B0103202,,,230,,,,230,Camara IP,,,230,,,,230,Cámara,correo Guillen(26/11/21),,230,Ocupada,B1104098,,230,,,,230,,,,230,,,,230,CAMARA IP,,,230,,,,230,,,,230,,,,230,,,,230,,,,230,,,,230,,,,230,,,,230,,,,230,,,,230,,,,230,,,,230,,,,230,,,,230,
,,231,B0160623,,,231,,,,231,Camara IP,,,231,,,,231,Cámara,correo Guillen(26/11/21),,231,Ocupada,B1106632,,231,,,,231,,,,231,,,,231,CAMARA IP,,,231,,,,231,,,,231,,,,231,,,,231,,,,231,,,,231,,,,231,,,,231,,,,231,,,,231,,,,231,,,,231,,,,231,,,,231,
,,232,B0160623,,,232,,,,232,Camara IP,,,232,,,,232,Cámara,correo Guillen(26/11/21),,232,Ocupada,B1107343,,232,,,,232,,,,232,,,,232,CAMARA IP,,,232,,,,232,,,,232,,,,232,,,,232,,,,232,,,,232,,,,232,,,,232,,,,232,,,,232,,,,232,,,,232,,,,232,,,,232,
,,233,CA-P0-23,,,233,,,,233,Camara IP,,,233,,,,233,Cámara,correo Guillen(26/11/21),,233,Ocupada,B1107359,,233,,,,233,,,,233,,,,233,CAMARA IP,,,233,,,,233,,,,233,,,,233,,,,233,,,,233,,,,233,,,,233,,,,233,,,,233,,,,233,,,,233,,,,233,,,,233,,,,233,
,,234,CA-P0-17,,,234,,,,234,Camara IP,,,234,,,,234,Cámara,correo Guillen(26/11/21),,234,Ocupada,,,234,,,,234,,,,234,,,,234,CAMARA IP,,,234,,,,234,,,,234,,,,234,,,,234,,,,234,,,,234,,,,234,,,,234,,,,234,,,,234,,,,234,,,,234,,,,234,,,,234,
,,235,CA-P0-01,,,235,,,,235,Camara IP,,,235,,,,235,Cámara,correo Guillen(26/11/21),,235,Ocupada,B1107891,,235,,,,235,,,,235,,,,235,CAMARA IP,,,235,,,,235,,,,235,,,,235,,,,235,,,,235,,,,235,,,,235,,,,235,,,,235,,,,235,,,,235,,,,235,,,,235,,,,235,
,,236,CA-P0-02,,,236,,,,236,Camara IP,,,236,,,,236,Cámara,correo Guillen(26/11/21),,236,ocupada,B1107903,,236,,,,236,,,,236,,,,236,CAMARA IP,,,236,,,,236,,,,236,,,,236,,,,236,,,,236,,,,236,,,,236,,,,236,,,,236,,,,236,,,,236,,,,236,,,,236,,,,236,
,,237,CA-P0-03,,,237,,,,237,Camara IP,,,237,,,,237,Cámara,correo Guillen(26/11/21),,237,ocupada,B1106124,,237,,,,237,,,,237,,,,237,CAMARA IP,,,237,,,,237,,,,237,,,,237,,,,237,,,,237,,,,237,,,,237,,,,237,,,,237,,,,237,,,,237,,,,237,,,,237,,,,237,
,,238,CA-P0-04,,,238,,,,238,Camara IP,,,238,,,,238,,,,238,ocupada,B1108186,,238,Ocupada,B2160674,,238,,,,238,,,,238,,,,238,,,,238,,,,238,,,,238,,,,238,,,,238,,,,238,,,,238,,,,238,,,,238,,,,238,,,,238,,,,238,,,,238,,,,238,
,,239,CA-P0-05,,,239,,,,239,Camara IP,,,239,,,,239,,,,239,,,,239,Ocupada,B2161444,,239,,,,239,,,,239,,,,239,,,,239,,,,239,,,,239,,,,239,,,,239,,,,239,,,,239,,,,239,,,,239,,,,239,,,,239,,,,239,,,,239,,,,239,
,,240,CA-P0-06,,,240,B0060679,,,240,Camara IP,,,240,,,,240,,,,240,ocupada,B1161137,,240,Ocupada,B2161405,,240,,,,240,,,,240,,,,240,,,,240,,,,240,,,,240,,,,240,,,,240,,,,240,,,,240,,,,240,,,,240,,,,240,,,,240,,,,240,,,,240,,,,240,
,,241,CA-P1-02,,,241,ocupada,,,241,Camara IP,,,241,,,,241,,,,241,Ocupada,B1160893,,241,ocupada,B2161042,,241,,,,241,,,,241,,,,241,,,,241,,,,241,,,,241,,,,241,,,,241,,,,241,,,,241,,,,241,,,,241,,,,241,,,,241,,,,241,,,,241,,,,241,
,,242,CA-P1-03,,,242,Liberada,,,242,Camara IP,,,242,,,,242,,,,242,Liberada,,,242,Ocupada,B2161554,,242,,,,242,,,,242,,,,242,,,,242,,,,242,,,,242,,,,242,,,,242,,,,242,,,,242,,,,242,,,,242,,,,242,,,,242,,,,242,,,,242,,,,242,
,,243,CA-P1-04,,,243,B0061416,,,243,Camara IP,,,243,,,,243,,,,243,,,,243,ocupada,B2161535,,243,,,,243,,,,243,,,,243,,,,243,,,,243,,,,243,,,,243,,,,243,,,,243,,,,243,,,,243,,,,243,,,,243,,,,243,,,,243,,,,243,,,,243,
,,244,B0161634,,,244,LIBERADA,,,244,Camara IP,,,244,,,,244,,,,244,,,,244,Liberada,,,244,,,,244,,,,244,,,,244,,,,244,,,,244,,,,244,,,,244,,,,244,,,,244,,,,244,,,,244,,,,244,,,,244,,,,244,,,,244,,,,244,,,,244,
,,245,CA-P1-01,B0104418,,245,,,,245,,,,245,,,,245,,,,245,,,,245,Liberada,,,245,,,,245,,,,245,,,,245,,,,245,,,,245,,,,245,,,,245,,,,245,,,,245,,,,245,,,,245,,,,245,,,,245,,,,245,,,,245,,,,245,,,,245,
,,246,B0190218,,,246,,,,246,,,,246,,,,246,,,,246,,,,246,Liberada,,,246,,,,246,,,,246,,,,246,,,,246,,,,246,,,,246,,,,246,,,,246,,,,246,,,,246,,,,246,,,,246,,,,246,,,,246,,,,246,,,,246,,,,246,
,,247,B0104500,,,247,,,,247,,,,247,,,,247,,,,247,,,,247,Ocupada,B2161594,,247,,,,247,,,,247,,,,247,,,,247,,,,247,,,,247,,,,247,,,,247,,,,247,,,,247,,,,247,,,,247,,,,247,,,,247,,,,247,,,,247,,,,247,
,,248,B0104679,,,248,,,,248,,,,248,,,,248,,,,248,,,,248,Liberada,,,248,,,,248,,,,248,,,,248,,,,248,,,,248,,,,248,,,,248,,,,248,,,,248,,,,248,,,,248,,,,248,,,,248,,,,248,,,,248,,,,248,,,,248,
,,249,B0103248,,,249,,,,249,,,,249,,,,249,,,,249,,,,249,Ocupada,B2161581,,249,,,,249,,,,249,,,,249,,,,249,,,,249,,,,249,,,,249,,,,249,,,,249,,,,249,,,,249,,,,249,,,,249,,,,249,,,,249,,,,249,,,,249,
,,250,B0161028,,,250,,,,250,NVR,,,250,,,,250,NVR,correo Guillen(26/11/21),,250,NVR,,,250,,,,250,,,,250,,,,250,NVR,,,250,,,,250,,,,250,,,,250,,,,250,,,,250,,,,250,,,,250,,,,250,,,,250,,,,250,,,,250,,,,250,,,,250,,,,250,
,,251,Sw-Maldonado-01,,,251,,,,251,,,,251,,,,251,,,,251,,,,251,,,,251,,,,251,,,,251,,,,251,,,,251,,,,251,,,,251,,,,251,,,,251,,,,251,,,,251,,,,251,,,,251,,,,251,,,,251,,,,251,,,,251,,,,251,
,,252,Sw-Maldonado-02,,,252,,,,252,,,,252,,,,252,,,,252,,,,252,,,,252,,,,252,,,,252,,,,252,,,,252,,,,252,,,,252,,,,252,,,,252,,,,252,,,,252,,,,252,,,,252,,,,252,,,,252,,,,252,,,,252,,,,252,
,,253,Sw-Maldonado-03,,,253,POS,,,253,,,,253,,,,253,,,,253,,,,253,POS,,,253,,,,253,,,,253,,,,253,,,,253,,,,253,,,,253,,,,253,,,,253,,,,253,,,,253,,,,253,,,,253,,,,253,,,,253,,,,253,,,,253,,,,253,
,,254,RESERVADaS,,,254,,,,254,,,,254,,,,254,,,,254,,,,254,,,,254,,,,254,,,,254,,,,254,,,,254,,,,254,,,,254,,,,254,,,,254,,,,254,,,,254,,,,254,,,,254,,,,254,,,,254,,,,254,,,,254,,,,254,
