A1,A2Colonia,A3,A4Equipo,A5,A6Colonia IP Fija,A7,A8Equipo,A9,A10Rosario,A11,A12Equipo,A13,A14Nueva Helvecia,A15,A16Equipo,A17,A18,A19Carmelo,A20,A21Equipo,A22,A23Tarariras,A24,A25Equipo,A26,A27Nueva Palmira Planta externa,A28,A29Equipo,A30,A31Juan Lacaze,A32,A33Equipo,A34,A35Provisorio Juan Lacaze,A36,A37Equipo,A38,A39Colonia Valdense,A40,A41Equipo,A42,A43Colonia Valdense Comercial,A44,A45Equipo,A46,A47Conchillas Viejo,A48,A49Equipo,A50,A51Ombues de Lavalle,A52,A53Equipo,A54,A55Supermercado Caso Nelson,A56,A57Equipo,A58,A59Puerto Colonia,A60,A61Equipo,A62,A63Conchillas,A64,A65Equipo,A66,A67Nueva Palmira,A68,A69Equipo,A70,A71Nueva Helvecia Centro Comerical (BPS),A72,A73Equipo
Rango Eq. Comunic,10.42.1,1,,,10.42.0,1,,,10.42.17,1,,,10.42.65,1,,,,10.42.33,1,,,10.42.49,1,,,10.42.97,1,,,10.42.113,1,,,10.42.217,1,,,10.42.129,1,,,10.42.185,1,,,10.42.145,1,,,10.42.81,1,,,10.42.161,1,,,10.42.177,1,,,10.42.208,1,,,10.42.192,1,,,10.42.200,1,
Rango Eq. Comunic,,2,,,,2,,,,2,,,,2,,,,,2,,,,2,,,,2,,,,2,,,,2,,,,2,,,,2,,,,2,,,,2,,,,2,,,,2,,,,2,,,,2,,,,2,
Rango Eq. Comunic,,3,,,,3,,,,3,,,,3,,,,,3,,,,3,,,,3,,,,3,,,,3,,,,3,,,,3,,,,3,,,,3,,,,3,,,,3,,,,3,,,,3,,,,3,
Rango Eq. Comunic,,4,,,,4,,,,4,,,,4,,,,,4,,,,4,,,,4,,,,4,,,,4,,,,4,,,,4,,,,4,,,,4,,,,4,,,,4,,,,4,,,,4,,,,4,
Rango Eq. Comunic,,5,,,,5,,,,5,,,,5,,,,,5,,,,5,,,,5,,,,5,,,,5,,,,5,,,,5,,,,5,,,,5,,,,5,,,,5,,,,5,,,,5,,,,5,
Rango Eq. Comunic,,6,,,,6,,,,6,,,,6,,,,,6,,,,6,,,,6,,,,6,,,,6,,,,6,,,,6,,,,6,,,,6,,,,6,,,,6,,,,6,,,,6,,,,6,
Rango Eq. Comunic,,7,,,,7,,,,7,,,,7,,,,,7,,,,7,,,,7,,,,7,,,,7,,,,7,,,,7,,,,7,,,,7,,,,7,,,,7,,,,7,,,,7,,,,7,
Rango Eq. Comunic,,8,,,,8,,,,8,,,,8,,,,,8,,,,8,,,,8,,,,8,,,,8,,,,8,,,,8,,,,8,,,,8,,,,8,,,,8,,,,8,,,,8,,,,8,
Rango Eq. Comunic,,9,,,,9,,,,9,,,,9,,,,,9,,,,9,,,,9,,,,9,,,,9,,,,9,,,,9,,,,9,,,,9,,,,9,,,,9,,,,9,,,,9,,,,9,
Rango Eq. Comunic,,10,,,,10,,,,10,,,,10,,,,,10,,,,10,,,,10,,,,10,,,,10,,,,10,,,,10,,,,10,,,,10,,,,10,,,,10,,,,10,,,,10,,,,10,
Rango Eq. Comunic,,11,,,,11,,,,11,,,,11,,,,,11,,,,11,,,,11,,,,11,,,,11,,,,11,,,,11,,,,11,,,,11,,,,11,,,,11,,,,11,,,,11,,,,11,
Rango Eq. Comunic,,12,,,,12,,,,12,,,,12,,,,,12,,,,12,,,,12,,,,12,,,,12,,,,12,,,,12,,,,12,,,,12,,,,12,,,,12,,,,12,,,,12,,,,12,
Rango Eq. Comunic,,13,,,,13,,,,13,,,,13,,,,,13,,,,13,,,,13,,,,13,,,,13,,,,13,,,,13,,,,13,,,,13,,,,13,,,,13,,,,13,,,,13,,,,13,
Rango Eq. Comunic,,14,,,,14,,,,14,,,,14,,,,,14,,,,14,,,,14,,,,14,,,,14,,,,14,,,,14,,,,14,,,,14,,,,14,,,,14,,,,14,,,,14,,,,14,
Rango Print Servers,,15,L0160424,,,15,,,,15,L1160274,,,15,Ocupada,L4160107,,,15,Ocupada,L2160273,,15,Ocupada,L3160602,,15,,,,15,,,,15,LD960277,,,15,,,,15,LB960600,,,15,,,,15,,,,15,,,,15,LB160838,,,15,L9160601,,,15,LC060929,,,15,Liberada
Rango Print Servers,,16,L0160118,,,16,,,,16,L1160280,Liberada,,16,,,,,16,Ocupada,L2160308,,16,Ocupada,L3160869,,16,Ocupada,L6160423,,16,L7160988,,,16,LD960988,,,16,L8160998,,,16,ocupada,L8161104,,16,,,,16,L5160585,,,16,,,,16,,,,16,ocupada,LD061040,,16,LC060278,,,16,LC860276
Rango Print Servers,,17,L0160242,,,17,,,,17,L1160867,,,17,Ocupada,L4160416,,,17,Ocupada,L2160833,,17,Ocupada,L3161002,,17,,,,17,L7161769,,,17,,,,17,L8161774,,,17,L8161150,,,17,,,,17,L5161032,,,17,,,,17,,,,17,ocupada,L9161103,,17,LC061529,,,17,LC861768
Rango Print Servers,,18,L0160271,,,18,,,,18,L1160868,,,18,Ocupada,L4160924,,,18,Ocupada,L2160883,,18,L3161772,,,18,Ocupada,L6161029,,18,L7161031,,,18,,,,18,,,,18,LB961786,,,18,liberada,,,18,L5160921,,,18,,,,18,,,,18,LD061771,,,18,LC061767,,,18,
Rango Print Servers,,19,L0160469,,,19,,,,19,L1160986,,,19,Ocupada ,L4161857,,,19,Ocupada,L2160935,,19,,,,19,,,,19,Libre,,,19,LD961874,,,19,,,,19,,,,19,,,,19,L5161766,,,19,,,,19,,,,19,,,,19,,,,19,
Rango Print Servers,,20,L0160930,,,20,,,,20,L1160999,,,20,Ocupada,Interventora,,,20,Ocupada,L2160936,,20,,,,20,,,,20,,,,20,,,,20,,,,20,,,,20,,,,20,,,,20,,,,20,,,,20,,,,20,,,,20,
Rango Print Servers,,21,L0160931,,,21,,,,21,L1161295,,,21,,,,,21,Ocupada,L2160937,,21,,,,21,,,,21,,,,21,,,,21,,,,21,,,,21,,,,21,,,,21,,,,21,,,,21,,,,21,,,,21,
Rango Print Servers,,22,L0160932,,,22,,,,22,L1161330,,,22,Ocupada,L4160273,,,22,Ocupada,L2161030,,22,,,,22,,,,22,,,,22,,,,22,,,,22,,,,22,,,,22,,,,22,,,,22,,,,22,,,,22,,,,22,
Cámaras de CCTV,,23,L0160933,,,23,,,,23,L1161450,Liberada,,23,,,,,23,ocupada,L2161079,,23,,,,23,,,,23,,,,23,,,,23,,,,23,,,,23,,,,23,,,,23,,,,23,,,,23,,,,23,,,,23,
Cámaras de CCTV,,24,L0160985,,,24,,,,24,L1161453,,,24,,,,,24,Ocupada,L2161773,,24,,,,24,,,,24,,,,24,,,,24,,,,24,,,,24,,,,24,,,,24,,,,24,,,,24,,,,24,,,,24,
Cámaras de CCTV,,25,DVR,,,25,,,,25,L1161789,Interventora,,25,,,,,25,Ocupada,L2161775,,25,,,,25,,,,25,,,,25,,,,25,,,,25,,,,25,,,,25,,,,25,,,,25,,,,25,,,,25,,,,25,
Cámaras de CCTV,,26,L0161776,,,26,,,,26,Interventora,,,26,,,,,26,,,,26,,,,26,,,,26,,,,26,,,,26,,,,26,,,,26,,,,26,,,,26,,,,26,,,,26,,,,26,,,,26,
Cámaras de CCTV,,27,L0161777,,,27,,,,27,L1162053,,,27,,,,,27,,,,27,,,,27,,,,27,,,,27,,,,27,,,,27,,,,27,,,,27,,,,27,,,,27,,,,27,,,,27,,,,27,
Cámaras de CCTV,,28,,,,28,,,,28,,,,28,,,,,28,,,,28,,,,28,,,,28,,,,28,,,,28,,,,28,,,,28,,,,28,,,,28,,,,28,,,,28,,,,28,,,,28,
Cámaras de CCTV,,29,,,,29,,,,29,,,,29,,,,,29,Ocupada,,,29,,,,29,,,,29,,,,29,,,,29,,,,29,,,,29,,,,29,,,,29,,,,29,,,,29,,,,29,,,,29,
Cámaras de CCTV,,30,Ocupada,,,30,,,,30,,,,30,,,,,30,,,,30,,,,30,,,,30,,,,30,,,,30,,,,30,,,,30,,,,30,,,,30,,,,30,,,,30,,,,30,,,,30,
Cámaras de CCTV,,31,,,,31,,,,31,ocupada,,,31,,,,,31,,,,31,,,,31,,,,31,,,,31,,,,31,,,,31,,,,31,,,,31,,,,31,,,,31,,,,31,,,,31,,,,31,
RANGO SNA Basico,,32,L0102085,,,32,,,,32,,,,32,Ocupada,L4180273,,,32,Ocupada,L2101459,,32,Ocupada,L3180132,,32,,,,32,L7180272,,,32,L7180272,,,32,L8180350,,,32,,,,32,L9180353,,,32,L5180361,,,32,,,,32,,,,32,ocupada,LD080353,,32,LC080235,,,32,Liberada
RANGO SNA Basico,,33,L0103379,,,33,,,,33,,,,33,Ocupada,L4180543,,,33,Ocupada,L2103376,,33,Ocupada,L3100854,,33,,,,33,L7180855,,,33,,,,33,Liberada,,,33,LB980230,,,33,L9180856,,,33,L5180853,,,33,,,,33,,,,33,ocupada,LD080856,,33,L6180271,,,33,
RANGO SNA Basico,,34,ocupada,,,34,,,,34,LIBERADA,,,34,Ocupada,L4180636,,,34,Ocupada,,,34,Ocupada,L3180840,,34,Ocupada,L6180854,,34,,,,34,,,,34,L8100253,,,34,,,,34,,,,34,,,,34,,,,34,,,,34,,,,34,,,,34,
RANGO SNA Basico,,35,L0180377,,,35,,,,35,,,,35,Ocupada,L4181117,,,35,Ocupada,,,35,,,,35,,,,35,,,,35,,,,35,,,,35,,,,35,,,,35,,,,35,,,,35,,,,35,,,,35,,,,35,
RANGO SNA Basico,,36,L0180879,,,36,,,,36,,,,36,,,,,36,Ocupada,,,36,,,,36,,,,36,,,,36,,,,36,,,,36,,,,36,,,,36,,,,36,,,,36,,,,36,,,,36,,,,36,
RANGO SNA Basico,,37,L0102459,,,37,,,,37,,,,37,,,,,37,Ocupada,L2180489,,37,,,,37,,,,37,,,,37,,,,37,,,,37,,,,37,,,,37,,,,37,,,,37,,,,37,,,,37,,,,37,
RANGO SNA Basico,,38,L0180959,,,38,,,,38,,,,38,,,,,38,,,,38,,,,38,,,,38,,,,38,,,,38,,,,38,,,,38,,,,38,,,,38,,,,38,,,,38,,,,38,,,,38,
RANGO SNA Basico,,39,L0101256,,,39,,,,39,,,,39,,,,,39,,,,39,,,,39,,,,39,,,,39,,,,39,,,,39,,,,39,,,,39,,,,39,,,,39,,,,39,,,,39,,,,39,
RANGO SNA Basico,,40,L0181040,,,40,,,,40,,,,40,,,,,40,,,,40,,,,40,,,,40,,,,40,,,,40,,,,40,,,,40,,,,40,,,,40,,,,40,,,,40,,,,40,,,,40,
RANGO SNA Basico,,41,,,,41,,,,41,,,,41,,,,,41,,,,41,,,,41,,,,41,,,,41,,,,41,,,,41,,,,41,,,,41,,,,41,,,,41,,,,41,,,,41,,,,41,
RANGO SNA Basico,,42,,,,42,,,,42,,,,42,,,,,42,,,,42,Ocupada,L3100853,,42,,,,42,,,,42,,,,42,Liberada,,,42,,,,42,,,,42,,,,42,,,,42,,,,42,,,,42,,,,42,
RANGO SNA Basico,,43,L0104181,,,43,,,,43,,,,43,,,,,43,,,,43,,,,43,,,,43,,,,43,,,,43,,,,43,,,,43,,,,43,,,,43,,,,43,,,,43,,,,43,,,,43,
RANGO SNA Basico,,44,,,,44,,,,44,,,,44,,,,,44,,,,44,,,,44,,,,44,,,,44,,,,44,,,,44,,,,44,,,,44,,,,44,,,,44,,,,44,,,,44,,,,44,
RANGO SNA Basico,,45,,,,45,,,,45,LIBERADA,,,45,,,,,45,Ocupada,L2180852,,45,,,,45,,,,45,,,,45,,,,45,,,,45,,,,45,,,,45,,,,45,,,,45,,,,45,,,,45,,,,45,
RANGO SNA Basico,,46,,,,46,,,,46,,,,46,,,,,46,,,,46,,,,46,,,,46,,,,46,,,,46,,,,46,,,,46,,,,46,,,,46,,,,46,,,,46,,,,46,,,,46,
RANGO SNA Basico,,47,,,,47,,,,47,Liberada,,,47,,,,,47,,,,47,,,,47,,,,47,,,,47,,,,47,,,,47,,,,47,,,,47,,,,47,,,,47,,,,47,,,,47,,,,47,
RANGO SNA Basico,,48,,,,48,,,,48,L1180086,,,48,,,,,48,,,,48,,,,48,,,,48,,,,48,,,,48,,,,48,,,,48,,,,48,,,,48,,,,48,,,,48,,,,48,,,,48,
RANGO SNA Basico,,49,,,,49,,,,49,,,,49,,,,,49,,,,49,,,,49,,,,49,,,,49,,,,49,,,,49,,,,49,,,,49,,,,49,,,,49,,,,49,,,,49,,,,49,
RANGO SNA Basico,,50,,,,50,,,,50,Liberada,,,50,,,,,50,,,,50,,,,50,,,,50,,,,50,,,,50,,,,50,,,,50,,,,50,,,,50,,,,50,,,,50,,,,50,,,,50,
RANGO SNA Basico,,51,,,,51,,,,51,Liberada,,,51,,,,,51,,,,51,,,,51,,,,51,,,,51,,,,51,,,,51,,,,51,,,,51,,,,51,,,,51,,,,51,,,,51,,,,51,
RANGO SNA Basico,,52,,,,52,,,,52,L1100650,,,52,,,,,52,,,,52,,,,52,,,,52,,,,52,,,,52,,,,52,,,,52,,,,52,,,,52,,,,52,,,,52,,,,52,,,,52,
RANGO SNA Basico,,53,,,,53,,,,53,Liberada,,,53,,,,,53,,,,53,,,,53,,,,53,,,,53,,,,53,,,,53,,,,53,,,,53,,,,53,,,,53,,,,53,,,,53,,,,53,
RANGO SNA Basico,,54,,,,54,,,,54,ocupada,,,54,,,,,54,,,,54,,,,54,,,,54,,,,54,,,,54,,,,54,,,,54,,,,54,,,,54,,,,54,,,,54,,,,54,,,,54,
RANGO SNA Basico,,55,,,,55,,,,55,L1100131,,,55,,,,,55,,,,55,,,,55,,,,55,,,,55,,,,55,,,,55,,,,55,,,,55,,,,55,,,,55,,,,55,,,,55,,,,55,
RANGO SNA Basico,,56,,,,56,,,,56,L1100648,,,56,,,,,56,,,,56,,,,56,,,,56,,,,56,,,,56,,,,56,,,,56,,,,56,,,,56,,,,56,,,,56,,,,56,,,,56,
RANGO SNA Basico,,57,,,,57,,,,57,,,,57,,,,,57,,,,57,,,,57,,,,57,,,,57,,,,57,,,,57,,,,57,,,,57,,,,57,,,,57,,,,57,,,,57,,,,57,
RANGO SNA Basico,,58,,,,58,,,,58,,,,58,,,,,58,,,,58,,,,58,,,,58,,,,58,,,,58,,,,58,,,,58,,,,58,,,,58,,,,58,,,,58,,,,58,,,,58,
RANGO SNA Basico,,59,,,,59,,,,59,,,,59,,,,,59,,,,59,,,,59,,,,59,,,,59,,,,59,,,,59,,,,59,,,,59,,,,59,,,,59,,,,59,,,,59,,,,59,
RANGO SNA Basico,,60,,,,60,,,,60,L1180545,,,60,,,,,60,,,,60,,,,60,,,,60,,,,60,,,,60,,,,60,,,,60,,,,60,,,,60,,,,60,,,,60,,,,60,,,,60,
RANGO SNA Basico,,61,,,,61,,,,61,L1180598,,,61,,,,,61,,,,61,,,,61,,,,61,,,,61,,,,61,,,,61,,,,61,,,,61,,,,61,,,,61,,,,61,,,,61,,,,61,
RANGO SNA Basico,,62,,,,62,,,,62,,,,62,,,,,62,,,,62,,,,62,,,,62,,,,62,,,,62,,,,62,,,,62,,,,62,,,,62,,,,62,,,,62,,,,62,,,,62,
RANGO SNA Basico,,63,L0102471,,,63,,,,63,,,,63,,,,,63,,,,63,,,,63,,,,63,,,,63,,,,63,,,,63,,,,63,,,,63,,,,63,,,,63,,,,63,,,,63,,,,63,
RANGO SNA Basico,,64,,,,64,,,,64,,,,64,,,,,64,,,,64,,,,64,,,,64,,,,64,,,,64,,,,64,,,,64,,,,64,,,,64,,,,64,,,,64,,,,64,,,,64,
RANGO SNA Basico,,65,,,,65,,,,65,,,,65,,,,,65,,,,65,,,,65,,,,65,,,,65,,,,65,,,,65,,,,65,,,,65,,,,65,,,,65,,,,65,,,,65,,,,65,
RANGO SNA Basico,,66,,,,66,,,,66,,,,66,,,,,66,,,,66,,,,66,,,,66,,,,66,,,,66,,,,66,,,,66,,,,66,,,,66,,,,66,,,,66,,,,66,,,,66,
RANGO SNA Basico,,67,L0170061 ,,,67,,,,67,L1180545,,,67,Ocupada,L4170064 ,,,67,,L2170062 ,,67,Ocupada,L3170065 ,,67,Ocupada,L6170067 ,,67,L7170066 ,,,67,,,,67,Liberada,,,67,LB970068 ,,,67,L9170069 ,,,67,,,,67,,,,67,LB170156,,,67,LD070069 ,,,67,,,,67,
,,68,,,,68,,,,68,L1180089,,,68,,,,,68,,L2180023,,68,,,,68,,,,68,,,,68,,,,68,,,,68,,,,68,,,,68,,,,68,,,,68,,,,68,,,,68,,,,68,
,,69,L0100922,,,69,,,,69,LIBERADA,L80L41 ,,69,,,,,69,,L2100255,,69,,,,69,,,,69,,,,69,,,,69,,,,69,,,,69,,,,69,,,,69,,,,69,,,,69,,,,69,,,,69,
,,70,,,,70,,,,70,,,,70,,,,,70,,,,70,,,,70,,,,70,,,,70,,,,70,,,,70,,,,70,,,,70,,,,70,,,,70,,,,70,,,,70,,,,70,
,,71,,,,71,,,,71,L1180087,,,71,,,,,71,,L2101860,,71,,,,71,,,,71,,,,71,,,,71,,,,71,,,,71,,,,71,,,,71,,,,71,,,,71,,,,71,,,,71,
,,72,,,,72,,,,72,,,,72,,,,,72,,,,72,,,,72,,,,72,,,,72,,,,72,,,,72,,,,72,,,,72,,,,72,,,,72,,,,72,,,,72,,,,72,
,,73,,,,73,,,,73,,,,73,,,,,73,,,,73,,,,73,,,,73,,,,73,,,,73,,,,73,,,,73,,,,73,,,,73,,,,73,,,,73,,,,73,,,,73,
,,74,,,,74,,,,74,,,,74,,,,,74,,,,74,,,,74,,,,74,,,,74,,,,74,,,,74,,,,74,,,,74,,,,74,,,,74,,,,74,,,,74,,,,74,
,,75,,,,75,,,,75,,,,75,,,,,75,,L2180039,,75,,,,75,,,,75,AP,,,75,,,,75,,,,75,AP Totem,,,75,,,,75,,,,75,,,,75,,,,75,,,,75,,,,75,
,,76,,,,76,,,,76,,,,76,,,,,76,,,,76,,,,76,,,,76,,,,76,,,,76,,,,76,,,,76,,,,76,,,,76,,,,76,,,,76,,,,76,,,,76,
,,77,L0102460,,,77,,,,77,,,,77,,,,,77,,,,77,,,,77,,,,77,,,,77,,,,77,,,,77,,,,77,,,,77,,,,77,,,,77,,,,77,,,,77,,,,77,
,,78,,,,78,,,,78,,,,78,,,,,78,,,,78,,,,78,,,,78,Libre,,,78,,,,78,,,,78,,,,78,,,,78,,,,78,,,,78,,,,78,,,,78,,,,78,
,,79,,,,79,,,,79,,,,79,,,,,79,,,,79,,,,79,,,,79,,,,79,,,,79,,,,79,,,,79,,,,79,,,,79,,,,79,,,,79,,,,79,,,,79,
,,80,L0103804,,,80,,,,80,,,,80,CA,,,,80,,,,80,CA,,,80,,,,80,CA,,,80,,,,80,,,,80,CA,,,80,,,,80,CA,,,80,,,,80,,,,80,,,,80,,,,80,
,,81,,,,81,,,,81,,,,81,,,,,81,,,,81,,,,81,,,,81,,,,81,,,,81,,,,81,,,,81,,,,81,,,,81,,,,81,,,,81,,,,81,,,,81,
,,82,,,,82,,,,82,,,,82,,,,,82,,,,82,,,,82,,,,82,,,,82,,,,82,,,,82,,,,82,,,,82,,,,82,,,,82,,,,82,,,,82,,,,82,
,,83,,,,83,,,,83,,,,83,,,,,83,,,,83,,,,83,,,,83,,,,83,,,,83,,,,83,,,,83,,,,83,,,,83,,,,83,,,,83,,,,83,,,,83,
,,84,,,,84,,,,84,,,,84,,,,,84,,,,84,,,,84,,,,84,,,,84,,,,84,,,,84,,,,84,,,,84,,,,84,,,,84,,,,84,,,,84,,,,84,
,,85,L0103859,,,85,,,,85,,,,85,,,,,85,,,,85,,,,85,,,,85,,,,85,,,,85,,,,85,,,,85,,,,85,,,,85,,,,85,,,,85,,,,85,,,,85,
,,86,,,,86,,,,86,,,,86,,,,,86,,,,86,,,,86,,,,86,,,,86,,,,86,,,,86,,,,86,,,,86,,,,86,,,,86,,,,86,,,,86,,,,86,
,,87,,,,87,,,,87,,,,87,,,,,87,,,,87,,,,87,,,,87,,,,87,,,,87,,,,87,,,,87,,,,87,,,,87,,,,87,,,,87,,,,87,,,,87,
,,88,,,,88,,,,88,,,,88,,,,,88,,,,88,,,,88,,,,88,,,,88,,,,88,,,,88,,,,88,,,,88,,,,88,,,,88,,,,88,,,,88,,,,88,
,,89,L0180528,,,89,,,,89,,,,89,,,,,89,,,,89,,,,89,,,,89,,,,89,,,,89,,,,89,,,,89,,,,89,,,,89,,,,89,,,,89,,,,89,,,,89,
,,90,RELOJ,,,90,,,,90,RELOJ,,,90,RELOJ,,,,90,RELOJ,,,90,RELOJ,,,90,Reservada,reloj,,90,RELOJ,,,90,,,,90,RELOJ,,,90,RELOJ,,,90,Reservada,reloj,,90,RELOJ,,,90,,,,90,RELOJ,,,90,RELOJ,,,90,RELOJ,,,90,RELOJ
,,91,RELOJ Almacenes,,,91,,,,91,RELOJ,,,91,,,,,91,,,,91,,,,91,,,,91,RELOJ PE,,,91,,,,91,,,,91,,,,91,,,,91,,,,91,,,,91,,,,91,RELOJ,,,91,,,,91,
,,92,,,,92,,,,92,,,,92,,,,,92,,,,92,,,,92,,,,92,,,,92,,,,92,,,,92,,,,92,,,,92,,,,92,,,,92,,,,92,,,,92,,,,92,
,,93,,,,93,,,,93,,,,93,,,,,93,,,,93,,,,93,,,,93,Camara IP,,,93,,,,93,,,,93,,,,93,,,,93,,,,93,,,,93,,,,93,,,,93,,,,93,
,,94,Cajas,,,94,,,,94,,,,94,,,,,94,,,,94,,,,94,,,,94,,,,94,,,,94,,,,94,,,,94,,,,94,,,,94,,,,94,,,,94,,,,94,Camara IP,,,94,
,,95,Camara IP,,,95,,,,95,,,,95,,,,,95,,,,95,,,,95,,,,95,,,,95,,,,95,,,,95,,,,95,,,,95,,,,95,,,,95,,,,95,,,,95,,,,95,
,,96,Camara IP,,,96,,,,96,,,,96,,,,,96,,,,96,,,,96,,,,96,,,,96,,,,96,,,,96,,,,96,,,,96,,,,96,,,,96,,,,96,,,,96,,,,96,
,,97,Camara IP,,,97,,,,97,,,,97,,,,,97,,,,97,,,,97,,,,97,,,,97,,,,97,,,,97,,,,97,,,,97,,,,97,,,,97,,,,97,,,,97,,,,97,
,,98,Camara IP,,,98,,,,98,,,,98,,,,,98,,,,98,,,,98,,,,98,,,,98,,,,98,,,,98,,,,98,,,,98,,,,98,,,,98,,,,98,,,,98,,,,98,
,,99,Camara IP,,,99,,,,99,,,,99,,,,,99,,L2103377,,99,,,,99,,,,99,,,,99,,,,99,,,,99,,,,99,,,,99,,,,99,,,,99,,,,99,,,,99,,,,99,
,,100,,,,100,,,,100,,,,100,,,,,100,,L2102695,,100,,,,100,,,,100,,,,100,,,,100,,,,100,,,,100,,,,100,,,,100,,,,100,,,,100,,,,100,,,,100,
,,101,,,,101,,,,101,,,,101,,,,,101,,,,101,,,,101,,,,101,,,,101,,,,101,,,,101,,,,101,,,,101,,,,101,,,,101,,,,101,,,,101,,,,101,
,,102,,,,102,,,,102,,,,102,,,,,102,,,,102,,,,102,,,,102,,,,102,,,,102,,,,102,,,,102,,,,102,,,,102,,,,102,,,,102,,,,102,,,,102,
,,103,,,,103,,,,103,,,,103,,,,,103,,,,103,,,,103,,,,103,,,,103,,,,103,,,,103,,,,103,,,,103,,,,103,,,,103,,,,103,,,,103,,,,103,
,,104,,,,104,,,,104,,,,104,,,,,104,,,,104,,,,104,,,,104,,,,104,,,,104,,,,104,,,,104,,,,104,,,,104,,,,104,,,,104,,,,104,,,,104,
,,105,,,,105,,,,105,,,,105,,,,,105,,,,105,,,,105,,,,105,,,,105,,,,105,,,,105,,,,105,,,,105,,,,105,,,,105,,,,105,,,,105,,,,105,
,,106,,,,106,,,,106,,,,106,,,,,106,,,,106,,,,106,,,,106,,,,106,,,,106,,,,106,,,,106,,,,106,,,,106,,,,106,,,,106,,,,106,,,,106,
,,107,,,,107,,,,107,,,,107,,,,,107,,,,107,,,,107,,,,107,,,,107,,,,107,,,,107,,,,107,,,,107,,,,107,,,,107,,,,107,,,,107,,,,107,
,,108,,,,108,,,,108,,,,108,,,,,108,,,,108,,,,108,,,,108,,,,108,,,,108,,,,108,,,,108,,,,108,,,,108,,,,108,,,,108,,,,108,,,,108,
,,109,,,,109,,,,109,,,,109,,,,,109,,,,109,,,,109,,,,109,,,,109,,,,109,,,,109,,,,109,,,,109,,,,109,,,,109,,,,109,,,,109,,,,109,
,,110,,,,110,,,,110,,,,110,,,,,110,,,,110,,,,110,,,,110,,,,110,,,,110,,,,110,,,,110,,,,110,,,,110,,,,110,,,,110,,,,110,,,,110,
,,111,,,,111,,,,111,,,,111,,,,,111,,,,111,,,,111,,,,111,,,,111,,,,111,,,,111,,,,111,,,,111,,,,111,,,,111,,,,111,,,,111,,,,111,
,,112,,,,112,,,,112,,,,112,,,,,112,,,,112,,,,112,,,,112,,,,112,,,,112,,,,112,,,,112,,,,112,,,,112,,,,112,,,,112,,,,112,,,,112,
,,113,,,,113,,,,113,,,,113,,,,,113,,,,113,,,,113,,,,113,,,,113,,,,113,,,,113,,,,113,,,,113,,,,113,,,,113,,,,113,,,,113,,,,113,
,,114,,,,114,,,,114,,,,114,,,,,114,,,,114,,,,114,,,,114,,,,114,,,,114,,,,114,,,,114,,,,114,,,,114,,,,114,,,,114,,,,114,,,,114,
,,115,,,,115,,,,115,,,,115,,,,,115,,,,115,,,,115,,,,115,,,,115,,,,115,,,,115,,,,115,,,,115,,,,115,,,,115,,,,115,,,,115,,,,115,
,,116,,,,116,,,,116,,,,116,,,,,116,,,,116,,,,116,,,,116,,,,116,,,,116,,,,116,,,,116,,,,116,,,,116,,,,116,,,,116,,,,116,,,,116,
,,117,,,,117,,,,117,,,,117,,,,,117,,,,117,,,,117,,,,117,,,,117,,,,117,,,,117,,,,117,,,,117,,,,117,,,,117,,,,117,,,,117,,,,117,
,,118,,,,118,,,,118,,,,118,,,,,118,,,,118,,,,118,,,,118,,,,118,,,,118,,,,118,,,,118,,,,118,,,,118,,,,118,,,,118,,,,118,,,,118,
,,119,,,,119,,,,119,,,,119,,,,,119,,,,119,,,,119,,,,119,,,,119,,,,119,,,,119,,,,119,,,,119,,,,119,,,,119,,,,119,,,,119,,,,119,
,,120,,,,120,,,,120,,,,120,,,,,120,,,,120,,,,120,,,,120,,,,120,,,,120,,,,120,,,,120,,,,120,,,,120,,,,120,,,,120,,,,120,,,,120,
,,121,,,,121,,,,121,,,,121,,,,,121,,,,121,,,,121,,,,121,,,,121,,,,121,,,,121,,,,121,,,,121,,,,121,,,,121,,,,121,,,,121,,,,121,
,,122,L0101618,,,122,,,,122,,,,122,,,,,122,,,,122,,,,122,,,,122,,,,122,,,,122,,,,122,,,,122,,,,122,,,,122,,,,122,,,,122,,,,122,,,,122,
,,123,,,,123,,,,123,,,,123,,,,,123,,,,123,,,,123,,,,123,,,,123,,,,123,,,,123,,,,123,,,,123,,,,123,,,,123,,,,123,,,,123,,,,123,
,,124,,,,124,,,,124,,,,124,,,,,124,,,,124,,,,124,,,,124,,,,124,,,,124,,,,124,,,,124,,,,124,,,,124,,,,124,,,,124,,,,124,,,,124,
,,125,,,,125,,,,125,,,,125,,,,,125,,,,125,,,,125,,,,125,,,,125,,,,125,,,,125,,,,125,,,,125,,,,125,,,,125,,,,125,,,,125,,,,125,
,,126,,,,126,,,,126,,,,126,,,,,126,,,,126,,,,126,,,,126,,,,126,,,,126,,,,126,,,,126,,,,126,,,,126,,,,126,,,,126,,,,126,,,,126,
,,127,,,,127,,,,127,,,,127,,,,,127,,,,127,,,,127,,,,127,,,,127,,,,127,,,,127,,,,127,,,,127,,,,127,,,,127,,,,127,,,,127,,,,127,
,,128,,,,128,,,,128,,,,128,,,,,128,,,,128,,,,128,,,,128,,,,128,,,,128,,,,128,,,,128,,,,128,,,,128,,,,128,,,,128,,,,128,,,,128,
,,129,,,,129,,,,129,,,,129,,,,,129,,,,129,,,,129,,,,129,,,,129,,,,129,,,,129,,,,129,,,,129,,,,129,,,,129,,,,129,,,,129,,,,129,
,,130,,,,130,,,,130,,,,130,,,,,130,,,,130,,,,130,,,,130,,,,130,,,,130,,,,130,,,,130,,,,130,,,,130,,,,130,,,,130,,,,130,,,,130,
,,131,,,,131,,,,131,,,,131,,,,,131,,,,131,,,,131,,,,131,,,,131,,,,131,,,,131,,,,131,,,,131,,,,131,,,,131,,,,131,,,,131,,,,131,
,,132,,,,132,,,,132,,,,132,,,,,132,,,,132,,,,132,,,,132,,,,132,,,,132,,,,132,,,,132,,,,132,,,,132,,,,132,,,,132,,,,132,,,,132,
,,133,,,,133,,,,133,,,,133,,,,,133,,,,133,,,,133,,,,133,,,,133,,,,133,,,,133,,,,133,,,,133,,,,133,,,,133,,,,133,,,,133,,,,133,
,,134,,,,134,,,,134,,,,134,,,,,134,,,,134,,,,134,,,,134,,,,134,,,,134,,,,134,,,,134,,,,134,,,,134,,,,134,,,,134,,,,134,,,,134,
,,135,,,,135,,,,135,,,,135,,,,,135,,,,135,,,,135,,,,135,,,,135,,,,135,,,,135,,,,135,,,,135,,,,135,,,,135,,,,135,,,,135,,,,135,
,,136,,,,136,,,,136,,,,136,,,,,136,,,,136,,,,136,,,,136,,,,136,,,,136,,,,136,,,,136,,,,136,,,,136,,,,136,,,,136,,,,136,,,,136,
,,137,,,,137,,,,137,,,,137,,,,,137,,,,137,,,,137,,,,137,,,,137,,,,137,,,,137,,,,137,,,,137,,,,137,,,,137,,,,137,,,,137,,,,137,
,,138,,,,138,,,,138,,,,138,,,,,138,,,,138,,,,138,,,,138,,,,138,,,,138,,,,138,,,,138,,,,138,,,,138,,,,138,,,,138,,,,138,,,,138,
,,139,,,,139,,,,139,,,,139,,,,,139,,,,139,,,,139,,,,139,,,,139,,,,139,,,,139,,,,139,,,,139,,,,139,,,,139,,,,139,,,,139,,,,139,
,,140,,,,140,,,,140,,,,140,,,,,140,,,,140,,,,140,,,,140,,,,140,,,,140,,,,140,,,,140,,,,140,,,,140,,,,140,,,,140,,,,140,,,,140,
,,141,,,,141,,,,141,,,,141,,,,,141,,,,141,,,,141,,,,141,,,,141,,,,141,,,,141,,,,141,,,,141,,,,141,,,,141,,,,141,,,,141,,,,141,
,,142,,,,142,,,,142,,,,142,,,,,142,,,,142,,,,142,,,,142,,,,142,,,,142,,,,142,,,,142,,,,142,,,,142,,,,142,,,,142,,,,142,,,,142,
,,143,,,,143,,,,143,,,,143,,,,,143,,,,143,,,,143,,,,143,,,,143,,,,143,,,,143,,,,143,,,,143,,,,143,,,,143,,,,143,,,,143,,,,143,
,,144,,,,144,,,,144,,,,144,,,,,144,,,,144,,,,144,,,,144,,,,144,,,,144,,,,144,,,,144,,,,144,,,,144,,,,144,,,,144,,,,144,,,,144,
,,145,,,,145,,,,145,,,,145,,,,,145,,,,145,,,,145,,,,145,,,,145,,,,145,,,,145,,,,145,,,,145,,,,145,,,,145,,,,145,,,,145,,,,145,
,,146,,,,146,,,,146,,,,146,,,,,146,,,,146,,,,146,,,,146,,,,146,,,,146,,,,146,,,,146,,,,146,,,,146,,,,146,,,,146,,,,146,,,,146,
,,147,,,,147,,,,147,,,,147,,,,,147,,,,147,,,,147,,,,147,,,,147,,,,147,,,,147,,,,147,,,,147,,,,147,,,,147,,,,147,,,,147,,,,147,
,,148,,,,148,,,,148,,,,148,,,,,148,,,,148,,,,148,,,,148,,,,148,,,,148,,,,148,,,,148,,,,148,,,,148,,,,148,,,,148,,,,148,,,,148,
,,149,,,,149,,,,149,,,,149,,,,,149,,,,149,,,,149,,,,149,,,,149,,,,149,,,,149,,,,149,,,,149,,,,149,,,,149,,,,149,,,,149,,,,149,
,,150,,,,150,,,,150,,,,150,,,,,150,,,,150,,,,150,,,,150,,,,150,,,,150,,,,150,,,,150,,,,150,,,,150,,,,150,,,,150,,,,150,,,,150,
,,151,,,,151,,,,151,,,,151,,,,,151,,,,151,,,,151,,,,151,,,,151,,,,151,,,,151,,,,151,,,,151,,,,151,,,,151,,,,151,,,,151,,,,151,
,,152,,,,152,,,,152,,,,152,,,,,152,,,,152,,,,152,,,,152,,,,152,,,,152,,,,152,,,,152,,,,152,,,,152,,,,152,,,,152,,,,152,,,,152,
,,153,,,,153,,,,153,,,,153,,,,,153,,,,153,,,,153,,,,153,,,,153,,,,153,,,,153,,,,153,,,,153,,,,153,,,,153,,,,153,,,,153,,,,153,
,,154,,,,154,,,,154,,,,154,,,,,154,,,,154,,,,154,,,,154,,,,154,,,,154,,,,154,,,,154,,,,154,,,,154,,,,154,,,,154,,,,154,,,,154,
,,155,,,,155,,,,155,,,,155,,,,,155,,,,155,,,,155,,,,155,,,,155,,,,155,,,,155,,,,155,,,,155,,,,155,,,,155,,,,155,,,,155,,,,155,
,,156,,,,156,,,,156,,,,156,,,,,156,,,,156,,,,156,,,,156,,,,156,,,,156,,,,156,,,,156,,,,156,,,,156,,,,156,,,,156,,,,156,,,,156,
,,157,,,,157,,,,157,,,,157,,,,,157,,,,157,,,,157,,,,157,,,,157,,,,157,,,,157,,,,157,,,,157,,,,157,,,,157,,,,157,,,,157,,,,157,
,,158,,,,158,,,,158,,,,158,,,,,158,,,,158,,,,158,,,,158,,,,158,,,,158,,,,158,,,,158,,,,158,,,,158,,,,158,,,,158,,,,158,,,,158,
,,159,,,,159,,,,159,,,,159,,,,,159,,,,159,,,,159,,,,159,,,,159,,,,159,,,,159,,,,159,,,,159,,,,159,,,,159,,,,159,,,,159,,,,159,
,,160,,,,160,,,,160,,,,160,,,,,160,,,,160,,,,160,,,,160,,,,160,,,,160,,,,160,,,,160,,,,160,,,,160,,,,160,,,,160,,,,160,,,,160,
,,161,,,,161,,,,161,,,,161,,,,,161,,,,161,,,,161,,,,161,,,,161,,,,161,,,,161,,,,161,,,,161,,,,161,,,,161,,,,161,,,,161,,,,161,
,,162,,,,162,,,,162,,,,162,,,,,162,,,,162,,,,162,,,,162,,,,162,,,,162,,,,162,,,,162,,,,162,,,,162,,,,162,,,,162,,,,162,,,,162,
,,163,,,,163,,,,163,,,,163,,,,,163,,,,163,,,,163,,,,163,,,,163,,,,163,,,,163,,,,163,,,,163,,,,163,,,,163,,,,163,,,,163,,,,163,
,,164,,,,164,,,,164,,,,164,,,,,164,,,,164,,,,164,,,,164,,,,164,,,,164,,,,164,,,,164,,,,164,,,,164,,,,164,,,,164,,,,164,,,,164,
,,165,,,,165,,,,165,,,,165,,,,,165,,,,165,,,,165,,,,165,,,,165,,,,165,,,,165,,,,165,,,,165,,,,165,,,,165,,,,165,,,,165,,,,165,
,,166,,,,166,,,,166,,,,166,,,,,166,,,,166,,,,166,,,,166,,,,166,,,,166,,,,166,,,,166,,,,166,,,,166,,,,166,,,,166,,,,166,,,,166,
,,167,,,,167,,,,167,,,,167,,,,,167,,,,167,,,,167,,,,167,,,,167,,,,167,,,,167,,,,167,,,,167,,,,167,,,,167,,,,167,,,,167,,,,167,
,,168,,,,168,,,,168,,,,168,,,,,168,,,,168,,,,168,,,,168,,,,168,,,,168,,,,168,,,,168,,,,168,,,,168,,,,168,,,,168,,,,168,,,,168,
,,169,,,,169,,,,169,,,,169,,,,,169,,,,169,,,,169,,,,169,,,,169,,,,169,,,,169,,,,169,,,,169,,,,169,,,,169,,,,169,,,,169,,,,169,
,,170,,,,170,,,,170,,,,170,,,,,170,,,,170,,,,170,,,,170,,,,170,,,,170,,,,170,,,,170,,,,170,,,,170,,,,170,,,,170,,,,170,,,,170,
,,171,,,,171,,,,171,,,,171,,,,,171,,,,171,,,,171,,,,171,,,,171,,,,171,,,,171,,,,171,,,,171,,,,171,,,,171,,,,171,,,,171,,,,171,
,,172,,,,172,,,,172,,,,172,,,,,172,,,,172,,,,172,,,,172,,,,172,,,,172,,,,172,,,,172,,,,172,,,,172,,,,172,,,,172,,,,172,,,,172,
,,173,,,,173,,,,173,,,,173,,,,,173,,,,173,,,,173,,,,173,,,,173,,,,173,,,,173,,,,173,,,,173,,,,173,,,,173,,,,173,,,,173,,,,173,
,,174,,,,174,,,,174,,,,174,,,,,174,,,,174,,,,174,,,,174,,,,174,,,,174,,,,174,,,,174,,,,174,,,,174,,,,174,,,,174,,,,174,,,,174,
,,175,,,,175,,,,175,,,,175,,,,,175,,,,175,,,,175,,,,175,,,,175,,,,175,,,,175,,,,175,,,,175,,,,175,,,,175,,,,175,,,,175,,,,175,
,,176,,,,176,,,,176,,,,176,,,,,176,,,,176,,,,176,,,,176,,,,176,,,,176,,,,176,,,,176,,,,176,,,,176,,,,176,,,,176,,,,176,,,,176,
,,177,,,,177,,,,177,,,,177,,,,,177,,,,177,,,,177,,,,177,,,,177,,,,177,,,,177,,,,177,,,,177,,,,177,,,,177,,,,177,,,,177,,,,177,
,,178,,,,178,,,,178,,,,178,,,,,178,,,,178,,,,178,,,,178,,,,178,,,,178,,,,178,,,,178,,,,178,,,,178,,,,178,,,,178,,,,178,,,,178,
,,179,,,,179,,,,179,,,,179,,,,,179,,,,179,,,,179,,,,179,,,,179,,,,179,,,,179,,,,179,,,,179,,,,179,,,,179,,,,179,,,,179,,,,179,
,,180,,,,180,,,,180,,,,180,,,,,180,,,,180,,,,180,,,,180,,,,180,,,,180,,,,180,,,,180,,,,180,,,,180,,,,180,,,,180,,,,180,,,,180,
,,181,,,,181,,,,181,,,,181,,,,,181,,,,181,,,,181,,,,181,,,,181,,,,181,,,,181,,,,181,,,,181,,,,181,,,,181,,,,181,,,,181,,,,181,
,,182,,,,182,,,,182,,,,182,,,,,182,,,,182,,,,182,,,,182,,,,182,,,,182,,,,182,,,,182,,,,182,,,,182,,,,182,,,,182,,,,182,,,,182,
,,183,,,,183,,,,183,,,,183,,,,,183,,,,183,,,,183,,,,183,,,,183,,,,183,,,,183,,,,183,,,,183,,,,183,,,,183,,,,183,,,,183,,,,183,
,,184,,,,184,,,,184,,,,184,,,,,184,,,,184,,,,184,,,,184,,,,184,,,,184,,,,184,,,,184,,,,184,,,,184,,,,184,,,,184,,,,184,,,,184,
,,185,,,,185,,,,185,,,,185,,,,,185,,,,185,,,,185,,,,185,,,,185,,,,185,,,,185,,,,185,,,,185,,,,185,,,,185,,,,185,,,,185,,,,185,
,,186,,,,186,,,,186,,,,186,,,,,186,,,,186,,,,186,,,,186,,,,186,,,,186,,,,186,,,,186,,,,186,,,,186,,,,186,,,,186,,,,186,,,,186,
,,187,,,,187,,,,187,,,,187,,,,,187,,,,187,,,,187,,,,187,,,,187,,,,187,,,,187,,,,187,,,,187,,,,187,,,,187,,,,187,,,,187,,,,187,
,,188,,,,188,,,,188,,,,188,,,,,188,,,,188,,,,188,,,,188,,,,188,,,,188,,,,188,,,,188,,,,188,,,,188,,,,188,,,,188,,,,188,,,,188,
,,189,,,,189,,,,189,,,,189,,,,,189,,,,189,,,,189,,,,189,,,,189,,,,189,,,,189,,,,189,,,,189,,,,189,,,,189,,,,189,,,,189,,,,189,
,,190,L0150019,,,190,,,,190,L1150032,,,190,,,,,190,Ocupada,L2150031,,190,,,,190,,,,190,,,,190,,,,190,,,,190,,,,190,,,,190,,,,190,,,,190,LB150066,,,190,,,,190,,,,190,
,,191,,,,191,,,,191,,,,191,,,,,191,ocupada,L2107175,,191,,,,191,,,,191,,,,191,,,,191,,,,191,,,,191,,,,191,,,,191,,,,191,,,,191,,,,191,,,,191,
,,192,,,,192,,,,192,,,,192,,,,,192,,,,192,,,,192,,,,192,,,,192,,,,192,,,,192,,,,192,,,,192,,,,192,,,,192,,,,192,,,,192,,,,192,
,,193,L0190653,,,193,,,,193,L1190885,,,193,,,,,193,,,,193,,,,193,,,,193,,,,193,,,,193,,,,193,,,,193,,,,193,,,,193,,,,193,,,,193,,,,193,,,,193,
,,194,L0190648,,,194,,,,194,,,,194,,,,,194,,,,194,Ocupada,L3104253,,194,,,,194,,,,194,,,,194,,,,194,,,,194,,,,194,,,,194,,,,194,,,,194,,,,194,,,,194,
,,195,L0190503,,,195,,,,195,L1190467,,,195,,,,,195,Ocupada,L2190507,,195,Ocupada,L3190150,,195,,,,195,,,,195,,,,195,L8190428,,,195,,,,195,,,,195,,,,195,,,,195,,,,195,,,,195,,,,195,
,,196,L0190508,,,196,,,,196,,,,196,,,,,196,Ocupada,L2190530,,196,,,,196,,,,196,,,,196,,,,196,,,,196,,,,196,,,,196,,,,196,,,,196,,,,196,,,,196,,,,196,
,,197,L0190678,,,197,,,,197,,,,197,,,,,197,Ocupada,L2190548,,197,,,,197,,,,197,,,,197,,,,197,,,,197,,,,197,,,,197,,,,197,,,,197,,,,197,,,,197,,,,197,
,,198,L0190655,,,198,,,,198,,,,198,,,,,198,,,,198,,,,198,,,,198,,,,198,,,,198,,,,198,,,,198,,,,198,,,,198,,,,198,,,,198,,,,198,,,,198,
,,199,Reservada,,,199,,,,199,L1190468,,,199,Reservada,,,,199,Reservada,,,199,Reservada,,,199,Reservada,,,199,Reservada,,,199,,,,199,Reservada,,,199,,,,199,Reservada,,,199,Reservada,,,199,Reservada,,,199,Reservada,,,199,Reservada,,,199,Reservada,,,199,
,,200,,,,200,,,,200,,,,200,,,,,200,,,,200,,,,200,,,,200,,,,200,,,,200,,,,200,,,,200,,,,200,,,,200,,,,200,,,,200,,,,200,,,,200,
,,201,L0160014,,,201,,,,201,L1103962,,,201,Ocupada,L4101230,,,201,Ocupada,L2101015,,201,Ocupada,L3101228,,201,,,,201,Libre,,,201,LD904231,,,201,Liberada,,,201,LB901807,,,201,L9105147,,,201,L5101229,,,201,LA180344,,,201,LB105606,,,201,ocupada,LD005147,,201,LC001172,,,201,Libre
,,202,L0100515,,,202,,,,202,L1160015,,,202,Ocupada,L4104230,,,202,Ocupada,L2101226,,202,Ocupada,L3105148,,202,,,,202,Libre,,,202,LD901140,,,202,Liberada,,,202,LB905150,,,202,ocupada,,,202,L5105761,,,202,,,,202,LB105609,,,202,ocupada,LD006814,,202,LC004230,,,202,Libre
,,203,L0100516,,,203,,,,203,L1103963,,,203,Liberada,,,,203,ocupada,L2106006,,203,Ocupada,L3106537,,203,Ocupada,L6104540,,203,L7105013,,,203,,,,203,Liberada,,,203,LB901231,,,203,,,,203,,,,203,,,,203,Liberada,,,203,,,,203,LC002235,,,203,Libre
,,204,L0100517,,,204,,,,204,L1104182,,,204,Liberada,,,,204,Ocupada,L2160016,,204,Ocupada,L3100851,,204,,,,204,L7107384,,,204,,,,204,L8108041,,,204,LB906623,,,204,,,,204,,,,204,,,,204,,,,204,,,,204,LC001097,,,204,Libre
,,205,L0101144,,,205,,,,205,L1104210,,,205,Ocupada,L4104538,,,205,Ocupada,L2103581,,205,Ocupada,L3108451,,205,,,,205,Libre,,,205,,,,205,,,,205,,,,205,,,,205,L5105149,,,205,,,,205,,,,205,,,,205,LC006900,,,205,Libre
,,206,L0102458,,,206,,,,206,L1104228,,,206,Liberada,,,,206,Ocupada,L2103974,,206,,,,206,,,,206,,,,206,,,,206,,,,206,,,,206,,,,206,ocupada,L5106463,,206,,,,206,,,,206,,,,206,LC008064,,,206,Libre
,,207,L0100514,,,207,,,,207,L1104311,,,207,Liberada,,,,207,Ocupada,L1106866,,207,,,,207,,,,207,,,,207,,,,207,,,,207,,,,207,,,,207,,,,207,,,,207,,,,207,,,,207,LC008065,,,207,
,,208,L0103787,,,208,,,,208,L1104533,,,208,,,,,208,Ocupada,L2104096,,208,,,,208,,,,208,,,,208,,,,208,,,,208,,,,208,,,,208,,,,208,,,,208,,,,208,,,,208,,,,208,
,,209,L0103959,,,209,,,,209,L1100778,,,209,,,,,209,Ocupada,L2104232,,209,,,,209,,,,209,,,,209,,,,209,,,,209,,,,209,,,,209,,,,209,,,,209,,,,209,,,,209,,,,209,
,,210,L0103960,,,210,,,,210,L1100651,,,210,,,,,210,Ocupada,L2104539,,210,,,,210,,,,210,,,,210,,,,210,,,,210,,,,210,,,,210,,,,210,,,,210,,,,210,,,,210,,,,210,
,,211,L0103961,,,211,,,,211,L1105396,,,211,,,,,211,Ocupada,L2105223,,211,,,,211,,,,211,,,,211,,,,211,,,,211,,,,211,,,,211,,,,211,,,,211,,,,211,,,,211,,,,211,
,,212,L0104227,,,212,,,,212,L1105455,,,212,,,,,212,Ocupada,L2105387,,212,,,,212,,,,212,,,,212,,,,212,,,,212,,,,212,,,,212,,,,212,,,,212,,,,212,,,,212,,,,212,
,,213,L0104512,,,213,,,,213,LIBERADA,,,213,,,,,213,Ocupada,L2105581,,213,,,,213,,,,213,,,,213,,,,213,,,,213,,,,213,,,,213,,,,213,,,,213,,,,213,,,,213,,,,213,
,,214,L0104532,,,214,,,,214,LIBERADA,,,214,,,,,214,Ocupada,L2105681,,214,,,,214,,,,214,,,,214,,,,214,,,,214,,,,214,,,,214,,,,214,,,,214,,,,214,,,,214,,,,214,
,,215,L0104787,Liberada,,215,,,,215,L1106396,,,215,,,,,215,Ocupada,L2105683,,215,,,,215,,,,215,,,,215,,,,215,,,,215,,,,215,,,,215,,,,215,,,,215,,,,215,,,,215,,,,215,
,,216,L0105072,,,216,,,,216,L1106732,,,216,,,,,216,ocupada,,,216,,,,216,,,,216,,,,216,,,,216,,,,216,,,,216,,,,216,,,,216,,,,216,,,,216,,,,216,,,,216,
,,217,L0101376,,,217,,,,217,LIBERADA,,,217,,,,,217,Ocupada,L2108106,,217,,,,217,,,,217,,,,217,,,,217,,,,217,,,,217,,,,217,,,,217,,,,217,,,,217,,,,217,,,,217,
,,218,L0106132,,,218,,,,218,ocupada,,,218,,,,,218,,,,218,,,,218,,,,218,,,,218,,,,218,,,,218,,,,218,,,,218,,,,218,,,,218,,,,218,,,,218,,,,218,
,,219,L0105623,,,219,,,,219,L1106954,,,219,,,,,219,,,,219,,,,219,,,,219,,,,219,,,,219,,,,219,,,,219,,,,219,,,,219,,,,219,,,,219,,,,219,,,,219,
,,220,L0106552,,,220,,,,220,,,,220,,,,,220,Ocupada,L2102473,,220,,,,220,,,,220,,,,220,,,,220,L0102467,,,220,,,,220,,,,220,,,,220,,,,220,,,,220,,,,220,,,,220,
,,221,L0106622,,,221,,,,221,,,,221,,,,,221,,,,221,,,,221,,,,221,,,,221,,,,221,,,,221,,,,221,,,,221,,,,221,,,,221,,,,221,,,,221,,,,221,
,,222,L0106630,,,222,,,,222,,,,222,,,,,222,,,,222,,,,222,,,,222,,,,222,,,,222,,,,222,,,,222,,,,222,,,,222,,,,222,,,,222,,,,222,,,,222,
,,223,liberada,,,223,,,,223,,,,223,,,,,223,,,,223,,,,223,,,,223,,,,223,,,,223,,,,223,,,,223,,,,223,,,,223,,,,223,,,,223,,,,223,,,,223,
,,224,L0106754,,,224,,,,224,,,,224,,,,,224,,,,224,,,,224,,,,224,,,,224,,,,224,,,,224,,,,224,,,,224,,,,224,,,,224,,,,224,,,,224,,,,224,
,,225,L0106755,,,225,,,,225,,,,225,,,,,225,,,,225,,,,225,,,,225,,,,225,,,,225,,,,225,,,,225,,,,225,,,,225,,,,225,,,,225,,,,225,,,,225,
,,226,L0107550,,,226,,,,226,Camara IP,,,226,Camara IP,,,,226,Camara IP,,,226,Camara IP,,,226,,,,226,Camara IP,,,226,,,,226,,,,226,Camara IP,,,226,,,,226,Camara IP,,,226,,,,226,,,,226,CamaraIP,,,226,Camara IP,,,226,
,,227,L0108085,,,227,,,,227,Camara IP,,,227,Camara IP,,,,227,Camara IP,,,227,Camara IP,,,227,,,,227,Camara IP,,,227,,,,227,,,,227,Camara IP,,,227,,,,227,Camara IP,,,227,,,,227,,,,227,CamaraIP,,,227,Camara IP,,,227,
,,228,L0108405,,,228,,,,228,Camara IP,,,228,Camara IP,,,,228,Camara IP,,,228,Camara IP,,,228,,,,228,Camara IP,,,228,,,,228,,,,228,Camara IP,,,228,,,,228,Camara IP,,,228,,,,228,,,,228,CamaraIP,,,228,Camara IP,,,228,
,,229,L0105739,,,229,,,,229,Camara IP,,,229,Camara IP,,,,229,Camara IP,,,229,Camara IP,,,229,,,,229,Camara IP,,,229,,,,229,,,,229,Camara IP,,,229,,,,229,Camara IP,,,229,,,,229,,,,229,CamaraIP,,,229,Camara IP,,,229,
,,230,Camara IP,,,230,,,,230,Camara IP,,,230,Camara IP,,,,230,Camara IP,,,230,Camara IP,,,230,,,,230,Camara IP,,,230,,,,230,,,,230,Camara IP,,,230,,,,230,Camara IP,,,230,,,,230,,,,230,CamaraIP,,,230,Camara IP,,,230,
,,231,Camara IP,,,231,,,,231,Camara IP,,,231,Camara IP,,,,231,Camara IP,,,231,Camara IP,,,231,,,,231,Camara IP,,,231,,,,231,,,,231,Camara IP,,,231,,,,231,Camara IP,,,231,,,,231,,,,231,CamaraIP,,,231,Camara IP,,,231,
,,232,Camara IP,,,232,,,,232,Camara IP,,,232,Camara IP,,,,232,Camara IP,,,232,,,,232,,,,232,Camara IP,,,232,,,,232,,,,232,Camara IP,,,232,,,,232,Camara IP,,,232,,,,232,,,,232,,,,232,Camara IP,,,232,
,,233,Camara IP,,,233,,,,233,Camara IP,,,233,Camara IP,,,,233,Camara IP,,,233,,,,233,,,,233,Camara IP,,,233,,,,233,,,,233,,,,233,,,,233,,,,233,,,,233,,,,233,,,,233,Camara IP,,,233,
,,234,Camara IP,,,234,,,,234,Camara IP,,,234,Camara IP,,,,234,Camara IP,,,234,,,,234,,,,234,,,,234,,,,234,,,,234,,,,234,,,,234,,,,234,,,,234,,,,234,,,,234,,,,234,
,,235,Camara IP,,,235,,,,235,,,,235,,,,,235,Camara IP,,,235,,,,235,,,,235,,,,235,,,,235,,,,235,,,,235,,,,235,,,,235,,,,235,,,,235,,,,235,,,,235,
,,236,Camara IP,,,236,,,,236,,,,236,,,,,236,Camara IP,,,236,,,,236,,,,236,,,,236,,,,236,,,,236,,,,236,,,,236,,,,236,,,,236,,,,236,,,,236,,,,236,
,,237,Camara IP,,,237,,,,237,,,,237,,,,,237,Camara IP,,,237,,,,237,,,,237,,,,237,,,,237,,,,237,,,,237,,,,237,,,,237,,,,237,,,,237,,,,237,,,,237,
,,238,Camara IP,,,238,,,,238,,,,238,,,,,238,,,,238,,,,238,,,,238,,,,238,,,,238,,,,238,,,,238,,,,238,,,,238,,,,238,,,,238,,,,238,,,,238,
,,239,Camara IP,,,239,,,,239,,,,239,,,,,239,,,,239,,,,239,,,,239,,,,239,,,,239,,,,239,,,,239,,,,239,,,,239,,,,239,,,,239,,,,239,,,,239,
,,240,L0161082,,,240,,,,240,L1161295,,,240,,,,,240,,,,240,,,,240,,,,240,,,,240,,,,240,,,,240,,,,240,,,,240,,,,240,,,,240,,,,240,,,,240,,,,240,
,,241,L0161162,,,241,,,,241,L1161401,,,241,,,,,241,,,,241,,,,241,,,,241,,,,241,,,,241,,,,241,,,,241,,,,241,,,,241,,,,241,,,,241,,,,241,,,,241,
,,242,L0161283,,,242,,,,242,Ocupada?,,,242,,,,,242,,,,242,,,,242,,,,242,,,,242,,,,242,,,,242,,,,242,,,,242,,,,242,,,,242,,,,242,,,,242,,,,242,
,,243,L0161287,,,243,,,,243,,,,243,,,,,243,,,,243,,,,243,,,,243,,,,243,,,,243,,,,243,,,,243,,,,243,,,,243,,,,243,,,,243,,,,243,,,,243,
,,244,L0161661,,,244,,,,244,,,,244,,,,,244,,,,244,,,,244,,,,244,,,,244,,,,244,,,,244,,,,244,,,,244,,,,244,,,,244,,,,244,,,,244,,,,244,
,,245,Camara IP,,,245,,,,245,,,,245,,,,,245,,,,245,,,,245,,,,245,,,,245,,,,245,,,,245,,,,245,,,,245,,,,245,,,,245,,,,245,,,,245,,,,245,
,,246,,,,246,,,,246,,,,246,,,,,246,,,,246,,,,246,,,,246,,,,246,,,,246,,,,246,,,,246,,,,246,,,,246,,,,246,,,,246,,,,246,,,,246,
,,247,,,,247,,,,247,,,,247,,,,,247,,,,247,,,,247,,,,247,,,,247,,,,247,,,,247,,,,247,,,,247,,,,247,,,,247,,,,247,,,,247,,,,247,
,,248,,,,248,,,,248,,,,248,,,,,248,,,,248,,,,248,,,,248,,,,248,,,,248,,,,248,,,,248,,,,248,,,,248,,,,248,,,,248,,,,248,,,,248,
,,249,,,,249,,,,249,,,,249,,,,,249,,,,249,,,,249,,,,249,,,,249,,,,249,,,,249,,,,249,,,,249,,,,249,,,,249,,,,249,,,,249,,,,249,
,,250,,,,250,,,,250,,,,250,,,,,250,,,,250,,,,250,,,,250,NVR,,,250,,,,250,,,,250,NVR,,,250,,,,250,,,,250,,,,250,,,,250,,,,250,NVR,,,250,
,,251,,,,251,,,,251,,,,251,,,,,251,,,,251,,,,251,,,,251,,,,251,,,,251,,,,251,,,,251,,,,251,,,,251,,,,251,,,,251,,,,251,,,,251,
,,252,,,,252,,,,252,,,,252,,,,,252,,,,252,,,,252,,,,252,,,,252,,,,252,,,,252,,,,252,,,,252,,,,252,,,,252,,,,252,,,,252,,,,252,
,,253,POS,,,253,,,,253,,,,253,,,,,253,,,,253,,,,253,,,,253,,,,253,,,,253,,,,253,,,,253,,,,253,,,,253,,,,253,POS,,,253,,,,253,,,,253,
,,254,,,,254,,,,254,,,,254,,,,,254,,,,254,,,,254,,,,254,,,,254,,,,254,,,,254,,,,254,,,,254,,,,254,,,,254,,,,254,,,,254,,,,254,
