A1,A2Atlantida,A3,A4Equipo,A5,A6Canelones,A7,A8Equipo,A9,A10Santa Lucia,A11,A12Equipo,A13,A14San Jose de Carrasco / Shangrila,A15,A16Equipo,A17,A18Toledo,A19,A20Equipo,A21,A22Pando,A23,A24Equipo,A25,A26Las Piedras,A27,A28Equipo,A29,A30,A31Backofice San Jose de Carrasco/Lagomar 2,A32,A33Equipo,A34,A35La Paz,A36,A37Equipo,A38,A39Salinas,A40,A41Equipo,A42,A43Sala Lumiere,A44,A45Equipo,A46,A47San Ramon,A48,A49Equipo,A50,A51Tala,A52,A53Equipo,A54,A55Migues,A56,A57Equipo,A58,A59Progreso,A60,A61Equipo,A62,A63Parque del Plata,A64,A65Equipo,A66,A67La Floresta,A68,A69Equipo,A70,A71Soca,A72,A73Equipo,A74,A75Los Titanes,A76,A77Equipo,A78,A79San Luis,A80,A81Equipo,A82,A83Cuchilla Alta,A84,A85Equipo,A86,A87Santa Teresita,A88,A89Equipo,A90,A91Empalme Olmos,A92,A93Equipo,A94,A95San Jacinto,A96,A97Equipo,A98,A99Solymar,A100,A101Equipo,A102,A103Joanico,A104,A105Equipo,A106,A107Los Cerrillos,A108,A109Equipo,A110,A111Santa Rosa,A112,A113Equipo,A114,A115Sauce,A116,A117Equipo,A118<,A119Centro Civico (Shopping Costa Urbana),A120,A121Equipo,A122,A123Tienda Shopping Costa Urbana,A124,A125Equipo,A126,A127Central Salinas,A128,A129Equipo,A130,A131El Pinar,A132,A133Equipo,A134,A135San Jacinto,A136,A137Equipo,A138,A139Datacenter Pando,A140,A141Equipo,A142,A143San Bautista,A144,A145Equipo,A146,A147Shopping Las Piedras,A148,A149Equipo,A150,A151Barros Blancos,A152,A153Equipo
Rango Eq. Comunic,10.46.33,1,,,10.46.1,1,,,10.46.209,1,,,10.46.49,1,,,10.46.161,1,,,10.46.17,1,,,10.46.65,1,,,,10.46.82,1,,,10.46.145,1,,,10.46.225,1,,,10.46.25,1,,,10.46.113,1,,,10.46.97,1,,,10.46.177,1,,,10.46.105,1,,,10.46.57,1,,,10.46.45,1,,,10.46.185,1,,,10.46.217,1,,,10.46.233,1,,,10.46.153,1,,,10.46.121,1,,,10.46.89,1,,,10.46.169,1,,,10.46.137,1,,,10.46.193,1,,,10.46.201,1,,,10.46.129,1,,,10.46.73,1,,,10.46.241,1,,,10.46.248,1,rango eliminado,,10.46.228,1,,,10.46.52,1,,,10.46.60,1,,,10.46.132,1,,,10.46.204,1,,,10.46.173,1,,,10.46.236,1,
Rango Eq. Comunic,,2,,,,2,,,,2,,,,2,,,,2,,,,2,,,,2,,,,,2,,,,2,,,,2,,,,2,,,,2,,,,2,,,,2,,,,2,,,,2,,,,2,,,,2,,,,2,,,,2,,,,2,,,,2,,,,2,,,,2,,,,2,,,,2,,,,2,,,,2,,,,2,,,,2,,,,2,,,,2,,,,2,,,,2,,,,2,,,,2,,,,2,,,,2,
Rango Eq. Comunic,,3,,,,3,,,,3,,,,3,,,,3,,,,3,,,,3,,,,,3,,,,3,,,,3,,,,3,,,,3,,,,3,,,,3,,,,3,,,,3,,,,3,,,,3,,,,3,,,,3,,,,3,,,,3,,,,3,,,,3,,,,3,,,,3,,,,3,,,,3,,,,3,,,,3,,,,3,,,,3,,,,3,,,,3,,,,3,,,,3,,,,3,,,,3,
Rango Eq. Comunic,,4,,,,4,,,,4,,,,4,,,,4,,,,4,,,,4,,,,,4,,,,4,,,,4,,,,4,,,,4,,,,4,,,,4,,,,4,,,,4,,,,4,,,,4,,,,4,,,,4,,,,4,,,,4,,,,4,,,,4,,,,4,,,,4,,,,4,,,,4,,,,4,,,,4,,,,4,,,,4,,,,4,,,,4,,,,4,,,,4,,,,4,,,,4,
Rango Eq. Comunic,,5,,,,5,,,,5,,,,5,,,,5,,,,5,,,,5,,,,,5,,,,5,,,,5,,,,5,,,,5,,,,5,,,,5,,,,5,,,,5,,,,5,,,,5,,,,5,,,,5,,,,5,,,,5,,,,5,,,,5,,,,5,,,,5,,,,5,,,,5,,,,5,,,,5,,,,5,,,,5,,,,5,,,,5,,,,5,,,,5,,,,5,,,,5,
Rango Eq. Comunic,,6,,,,6,,,,6,,,,6,,,,6,,,,6,,,,6,,,,,6,,,,6,,,,6,,,,6,,,,6,,,,6,,,,6,,,,6,,,,6,,,,6,,,,6,,,,6,,,,6,,,,6,,,,6,,,,6,,,,6,,,,6,,,,6,,,,6,,,,6,,,,6,,,,6,,,,6,,,,6,,,,6,,,,6,,,,6,,,,6,,,,6,,,,6,
Rango Eq. Comunic,,7,,,,7,,,,7,,,,7,,,,7,,,,7,,,,7,,,,,7,,,,7,,,,7,,,,7,,,,7,,,,7,,,,7,,,,7,,,,7,,,,7,,,,7,,,,7,,,,7,,,,7,,,,7,,,,7,,,,7,,,,7,,,,7,,,,7,,,,7,,,,7,,,,7,,,,7,,,,7,,,,7,,,,7,,,,7,,,,7,,,,7,,,,7,
Rango Eq. Comunic,,8,,,,8,,,,8,,,,8,,,,8,,,,8,,,,8,,,,,8,,,,8,,,,8,,,,8,,,,8,,,,8,,,,8,,,,8,,,,8,,,,8,,,,8,,,,8,,,,8,,,,8,,,,8,,,,8,,,,8,,,,8,,,,8,,,,8,,,,8,,,,8,,,,8,,,,8,,,,8,,,,8,,,,8,,,,8,,,,8,,,,8,,,,8,
Rango Eq. Comunic,,9,,,,9,,,,9,,,,9,,,,9,,,,9,,,,9,,,,,9,,,,9,,,,9,,,,9,,,,9,,,,9,,,,9,,,,9,,,,9,,,,9,,,,9,,,,9,,,,9,,,,9,,,,9,,,,9,,,,9,,,,9,,,,9,,,,9,,,,9,,,,9,,,,9,,,,9,,,,9,,,,9,,,,9,,,,9,,,,9,,,,9,,,,9,
Rango Eq. Comunic,,10,,,,10,,,,10,,,,10,,,,10,,,,10,,,,10,,,,,10,,,,10,,,,10,,,,10,,,,10,,,,10,,,,10,,,,10,,,,10,,,,10,,,,10,,,,10,,,,10,,,,10,,,,10,,,,10,,,,10,,,,10,,,,10,,,,10,,,,10,,,,10,,,,10,,,,10,,,,10,,,,10,,,,10,,,,10,,,,10,,,,10,,,,10,
Rango Eq. Comunic,,11,,,,11,,,,11,,,,11,,,,11,,,,11,,,,11,,,,,11,,,,11,,,,11,,,,11,,,,11,,,,11,,,,11,,,,11,,,,11,,,,11,,,,11,,,,11,,,,11,,,,11,,,,11,,,,11,,,,11,,,,11,,,,11,,,,11,,,,11,,,,11,,,,11,,,,11,,,,11,,,,11,,,,11,,,,11,,,,11,,,,11,,,,11,
Rango Eq. Comunic,,12,,,,12,,,,12,,,,12,,,,12,,,,12,,,,12,,,,,12,,,,12,,,,12,,,,12,,,,12,,,,12,,,,12,,,,12,,,,12,,,,12,,,,12,,,,12,,,,12,,,,12,,,,12,,,,12,,,,12,,,,12,,,,12,,,,12,,,,12,,,,12,,,,12,,,,12,,,,12,,,,12,,,,12,,,,12,,,,12,,,,12,,,,12,
Rango Eq. Comunic,,13,,,,13,,,,13,,,,13,,,,13,,,,13,,,,13,,,,,13,,,,13,,,,13,,,,13,,,,13,,,,13,,,,13,,,,13,,,,13,,,,13,,,,13,,,,13,,,,13,,,,13,,,,13,,,,13,,,,13,,,,13,,,,13,,,,13,,,,13,,,,13,,,,13,,,,13,,,,13,,,,13,,,,13,,,,13,,,,13,,,,13,,,,13,
Rango Eq. Comunic,,14,,,,14,,,,14,,,,14,A3106473,,,14,,,,14,,,,14,,,,,14,,,,14,,,,14,,,,14,,,,14,,,,14,,,,14,,,,14,,,,14,,,,14,,,,14,,,,14,,,,14,,,,14,,,,14,,,,14,,,,14,,,,14,,,,14,,,,14,,,,14,,,,14,,,,14,,,,14,,,,14,,,,14,,,,14,,,,14,,,,14,,,,14,,,,14,
Rango Print Servers,,15,Ocupada,A2160426,,15,A0160612,,,15,AD160621,Liberada,,15,A3160413,,,15,AA160753,,,15,A1160511,,,15,Ocupada,A4160614,,,15,PS-03-bak,,,15,A9160613,,,15,AE160434,,,15,,,,15,A7160808,,,15,A6160622,,,15,AB160615,,,15,A6960617,,,15,A3960702,,,15,A2960705,,,15,AB960709,,,15,AD960706,,,15,AE960703,,,15,A9960710,,,15,A7960701,,,15,Ocupada,,,15,,,,15,A8960836,,,15,AC160755,,,15,AC960733,,,15,A8160732,,,15,A4960752,,,15,AF160898,,,15,,,,15,AE461412,,,15,A3461504,,,15,AA960707,,,15,A8461641,,,15,,,,15,Tickantel,,,15,
Rango Print Servers,,16,Ocupada,A2160611,,16,A0160731,,,16,AD160734,,,16,A3108348,,,16,AA161580,,,16,A1160512,,,16,Ocupada,A4160657,,,16,A5260619,,,16,A9160658,,,16,AE160618,,,16,,,,16,A7160773,,,16,A6161050,,,16,AB161568,,,16,A6960659,,,16,A3961081,,,16,A2D61725,,,16,AB961784,,,16,AD961460,,,16,AE961460,,,16,A9961742,,,16,A7961514,,,16,A5961770,,,16,,,,16,,,,16,,,,16,AC961690,,,16,A8161735,,,16,A4961037,,,16,AF160899,,,16,,,,16,AE462132,,,16,,,,16,AA961269,,,16,A8461920,,,16,,,,16,Tickantel,,,16,
Rango Print Servers,,17,Ocupada,A2160754,,17,A0160186,,,17,AD160641,,,17,A3161331,,,17,AA161693,,,17,A1160616,,,17,Ocupada,A4160693,,,17,,Libre,,17,A9160857,,,17,AE161783,,,17,,,,17,Liberada,,,17,A6161743,,,17,AB161694,,,17,A6961621,,,17,A3961463,,,17,A2D61780,,,17,,,,17,,,,17,AE961626,,,17,,,,17,A7961699,,,17,,,,17,,,,17,,,,17,,,,17,,,,17,,,,17,A4961695,,,17,AF160900,,,17,,,,17,,,,17,,,,17,A3C61696,,,17,A8462068,caso 4344079,,17,,,,17,AAD61956,,,17,
Rango Print Servers,,18,Ocupada,A2160965,,18,A0160846,,,18,AD161734,,,18,A3162063,,,18,,,,18,A1160652,,,18,Ocupada,A4160735,,,18,A5261202,Libre,,18,A9161038,,,18,,,,18,,,,18,A7160981,,,18,,,,18,,,,18,A6961745,,,18,A3961723,,,18,,,,18,,,,18,,,,18,AE961657,,,18,,,,18,,,,18,,,,18,,,,18,,,,18,,,,18,,,,18,,,,18,,,,18,AF160901,,,18,,,,18,,,,18,,,,18,,,,18,,,,18,,,,18,AAD61957,,,18,
Rango Print Servers,,19,Ocupada,A2160970,,19,A0160968,,,19,,,,19,A3161423,,,19,,,,19,A1160653,,,19,Ocupada,A4160736,,,19,Liberada,,,19,A9161175,,,19,,,,19,,,,19,A7161576,,,19,,,,19,,,,19,,,,19,A3961781,,,19,,,,19,,,,19,AD961782,,,19,AE961782,,,19,,,,19,,,,19,,,,19,,,,19,,,,19,,,,19,,,,19,,,,19,,,,19,AF160902,,,19,,,,19,,,,19,,,,19,,,,19,,,,19,,,,19,AAD61958,,,19,
Rango Print Servers,,20,Ocupada,A2160996,,20,A0160977,,,20,,,,20,Liberada,,,20,,,,20,A1161025,,,20,Ocupada,A4160737,,,20,A5261224,Libre,,20,A9161253,,,20,,,,20,,,,20,A7161733,,,20,,,,20,,,,20,,,,20,,,,20,,,,20,,,,20,,,,20,,,,20,,,,20,,,,20,,,,20,,,,20,,,,20,,,,20,,,,20,,,,20,,,,20,AF160903,,,20,,,,20,,,,20,,,,20,,,,20,,,,20,,,,20,AAD61959,,,20,
Rango Print Servers,,21,ocupada,A2161095,,21,A0161141,,,21,,,,21,A3161418,,,21,,,,21,A1106087,,,21,Ocupada,A4160740,,,21,A5261308,,,21,A9161687,,,21,,,,21,,,,21,A7161744,,,21,,,,21,,,,21,,,,21,,,,21,,,,21,,,,21,,,,21,,,,21,,,,21,,,,21,,,,21,,,,21,,,,21,,,,21,,,,21,,,,21,,,,21,AF160967,,,21,,,,21,,,,21,,,,21,,,,21,Telefono  IP,Caso 4116958,,21,,,,21,AAD61960,,,21,
Rango Print Servers,,22,ocupada,A2161098,,22,A0161428,,,22,,,,22,A3161895,,,22,,,,22,A1161281,,,22,Ocupada,A4160850,,,22,Liberada,,,22,,,,22,,,,22,,,,22,,,,22,,,,22,,,,22,,,,22,,,,22,,,,22,,,,22,,,,22,,,,22,,,,22,,,,22,,,,22,,,,22,,,,22,,,,22,,,,22,,,,22,,,,22,AF161697,,,22,,,,22,,,,22,,,,22,,,,22,Telefono IP,Caso 4116958,,22,,,,22,AAD61961,,,22,
Rango Print Servers,,23,ocupada,A2161350,,23,A0161523,,,23,,,,23,,,,23,,,,23,A1161322,,,23,Ocupada,A4161014,,,23,A5261418,,,23,,,,23,,,,23,,,,23,,,,23,,,,23,,,,23,,,,23,,,,23,,,,23,,,,23,,,,23,,,,23,,,,23,,,,23,,,,23,,,,23,,,,23,,,,23,,,,23,,,,23,,,,23,AF161700,,,23,,,,23,,,,23,,,,23,,,,23,,,,23,,,,23,AAD61962,,,23,
Rango Print Servers,,24,A2161724,,,24,A0161608,,,24,,,,24,,,,24,,,,24,A1161577,,,24,Ocupada,A4161461,,,24,A5261202,,,24,,,,24,,,,24,,,,24,,,,24,,,,24,,,,24,,,,24,,,,24,,,,24,,,,24,,,,24,,,,24,,,,24,,,,24,Ocupada,,,24,,,,24,,,,24,,,,24,,,,24,,,,24,,,,24,DVR,,,24,,,,24,,,,24,,,,24,,,,24,,,,24,,,,24,AAD61963,,,24,
Cámaras de CCTV,,25,CCTV,,,25,A0161689,,,25,,,,25,,,,25,,,,25,,,,25,Ocupada,A4161637,,,25,A5261584,,,25,,,,25,,,,25,,,,25,,,,25,,,,25,,,,25,,,,25,,,,25,DVR,,,25,,,,25,,,,25,CCTV,,,25,CCTV,,,25,CCTV,,,25,,,,25,,,,25,,,,25,,,,25,,,,25,,,,25,,,,25,DVR,,,25,,,,25,DVR,,,25,,,,25,DVR,,,25,,,,25,,,,25,,,,25,
Cámaras de CCTV,,26,A2161736,,,26,A0161691,,,26,,,,26,,,,26,,,,26,A1161701,,,26,Ocupada,A4161688,,,26,A5261808,,,26,,,,26,,,,26,,,,26,,,,26,,,,26,,,,26,,,,26,,,,26,,,,26,,,,26,,,,26,,,,26,,,,26,CCTV,,,26,,,,26,,,,26,,,,26,,,,26,,,,26,,,,26,,,,26,AF161854,,,26,,,,26,,,,26,,,,26,,,,26,,,,26,,,,26,,,,26,
Cámaras de CCTV,,27,A2161737,,,27,Ocupada,,,27,,,,27,,,,27,,,,27,A1161702,,,27,Ocupada,A4161692,,,27,A5261837,,,27,,,,27,,,,27,,,,27,,,,27,,,,27,,,,27,,,,27,,,,27,,,,27,,,,27,,,,27,,,,27,,,,27,,,,27,,,,27,,,,27,,,,27,,,,27,,,,27,,,,27,,,,27,AF162181,,,27,,,,27,,,,27,,,,27,,,,27,,,,27,,,,27,,,,27,
Cámaras de CCTV,,28,,,,28,A0161901,,,28,,,,28,,,,28,,,,28,A1161703,,,28,,,,,28,A5261855,,,28,,,,28,,,,28,,,,28,,,,28,,,,28,,,,28,,,,28,,,,28,,,,28,,,,28,,,,28,,,,28,,,,28,,,,28,,,,28,,,,28,,,,28,,,,28,,,,28,,,,28,,,,28,AF162730,,,28,,,,28,,,,28,,,,28,,,,28,,,,28,,,,28,,,,28,
Cámaras de CCTV,,29,,,,29,,,,29,,,,29,,,,29,,,,29,A1161721,,,29,CC,,,,29,A5262080,,,29,,,,29,,,,29,,,,29,,,,29,,,,29,,,,29,,,,29,,,,29,,,,29,,,,29,,,,29,,,,29,,,,29,,,,29,,,,29,,,,29,,,,29,,,,29,,,,29,,,,29,,,,29,AF161731,,,29,,,,29,,,,29,,,,29,,,,29,,,,29,,,,29,,,,29,
Cámaras de CCTV,,30,,,,30,,,,30,,,,30,,,,30,,,,30,DVR,,,30,Ocupada,,,,30,A5262081,,,30,DVR,,,30,,,,30,,,,30,,,,30,CCTV,,,30,CCTV,,,30,,,,30,,,,30,,,,30,,,,30,,,,30,,,,30,,,,30,,,,30,,,,30,,,,30,,,,30,,,,30,,,,30,,,,30,,,,30,AF162183,,,30,,,,30,,,,30,,,,30,,,,30,,,,30,,,,30,,,,30,
Cámaras de CCTV,,31,,,,31,,,,31,,,,31,,,,31,,,,31,A1160321,,,31,Ocupada,,,,31,,,,31,,,,31,,,,31,,,,31,,,,31,,,,31,,,,31,,,,31,A3904126,,,31,,,,31,,,,31,,,,31,,,,31,,,,31,,,,31,,,,31,,,,31,,,,31,,,,31,,,,31,,,,31,,,,31,AF162184,,,31,,,,31,,,,31,,,,31,,,,31,,,,31,,,,31,,,,31,
RANGO SNA Basico,,32,Ocupada,A2180112,,32,A0181086,,,32,,,,32,,,,32,,,,32,A8481106,,,32,,,,,32,A5280207,,,32,ocupada,,,32,AE180299,,,32,Ocupada,A1901635,,32,,,,32,,,,32,,,,32,A6980153,,,32,A3980150,,,32,A2980149,,,32,AB980445,,,32,AD980147,,,32,AE980148,,,32,A9980392,,,32,A7980155,,,32,A5980154,,,32,,,,32,MUDADA,,,32,AC180157,,,32,AC980088,,,32,,,,32,A4980152,,,32,AF105742,AF180807,,32,,,,32,,,,32,A3481058,,,32,A3C80139,,,32,,,,32,,,,32,,,,32,
RANGO SNA Basico,,33,,,,33,,,,33,AD180212,,,33,,,,33,,,,33,,,,33,,,,,33,,,,33,,,,33,,,,33,Ocupada,,,33,A7180127,,,33,A6180006,,,33,AB180196,,,33,A6980240,,,33,,,,33,,,,33,,,,33,,,,33,,,,33,,,,33,A7980809,,,33,,,,33,,,,33,A8980771,,,33,,,,33,,,,33,,,,33,A4980868,,,33,AF180808,,,33,,,,33,,,,33,A3481122,,,33,A3C80963,,,33,,,,33,,,,33,,,,33,
RANGO SNA Basico,,34,Ocupada,A2101629,,34,,,,34,,,,34,A3180541,,,34,,,,34,,,,34,Ocupada,A4102173,Mudada,,34,A5201034,,,34,,,,34,,,,34,Ocupada,,,34,,,,34,,,,34,,,,34,,,,34,,,,34,,,,34,,,,34,,,,34,,,,34,,,,34,,,,34,,,,34,,,,34,,,,34,,,,34,,,,34,,,,34,,,,34,Liberada,,,34,,,,34,,,,34,,,,34,,,,34,,,,34,,,,34,,,,34,
RANGO SNA Basico,,35,Ocupada,A2103535,,35,A0100769,,,35,,,,35,A3181012,,,35,,,,35,,,,35,,,Mudada,,35,A5201035,,,35,,,,35,,,,35,,,,35,,,,35,,,,35,,,,35,,,,35,,,,35,,,,35,,,,35,,,,35,,,,35,,,,35,,,,35,,,,35,,,,35,,,,35,,,,35,,,,35,,,,35,,,,35,AF180821,,,35,,,,35,,,,35,,,,35,,,,35,,,,35,,,,35,,,,35,
RANGO SNA Basico,,36,Ocupada,A2103288,,36,A0180798,,,36,,,,36,,,,36,,,,36,,,,36,,,,,36,A5281000,,,36,,,,36,,,,36,,,,36,,,,36,,,,36,,,,36,,,,36,,,,36,,,,36,,,,36,,,,36,,,,36,,,,36,,,,36,,,,36,,,,36,,,,36,,,,36,,,,36,,,,36,,,,36,,,,36,,,,36,,,,36,,,,36,,,,36,,,,36,,,,36,,,,36,
RANGO SNA Basico,,37,,,,37,,,,37,,,,37,,,,37,,,,37,,,,37,Ocupada,A4102126,,,37,,,,37,,,,37,,,,37,,,,37,,,,37,,,,37,,,,37,,,,37,,,,37,,,,37,,,,37,,,,37,,,,37,,,,37,,,,37,,,,37,,,,37,,,,37,,,,37,,,,37,,,,37,,,,37,AF162185,,,37,,,,37,,,,37,,,,37,,,,37,,,,37,,,,37,,,,37,
RANGO SNA Basico,,38,Ocupada,A2180444,,38,,,,38,,,,38,,,,38,,,,38,,,,38,,,,,38,A5280002,,,38,,,,38,,,,38,,,,38,,,,38,,,,38,,,,38,,,,38,,,,38,,,,38,,,,38,,,,38,,,,38,,,,38,,,,38,,,,38,,,,38,,,,38,,,,38,,,,38,,,,38,,,,38,AF162186,,,38,,,,38,,,,38,,,,38,,,,38,,,,38,,,,38,,,,38,
RANGO SNA Basico,,39,Ocupada,,,39,,,,39,,,,39,,,,39,,,,39,,,,39,,,,,39,A5200102,,,39,,,,39,,,,39,,,,39,,,,39,,,,39,,,,39,,,,39,,,,39,,,,39,,,,39,,,,39,,,,39,,,,39,,,,39,,,,39,,,,39,,,,39,,,,39,,,,39,,,,39,,,,39,,,,39,,,,39,,,,39,,,,39,,,,39,,,,39,,,,39,,,,39,
RANGO SNA Basico,,40,A2181107,,,40,A0102919,,,40,,,,40,A3180262,,,40,,,,40,,,,40,,,,,40,A5280362,,,40,,,,40,,,,40,,,,40,,,,40,,,,40,,,,40,,,,40,,,,40,,,,40,,,,40,,,,40,,,,40,,,,40,,,,40,,,,40,,,,40,,,,40,,,,40,,,,40,,,,40,,,,40,AF162215,,,40,,,,40,,,,40,,,,40,,,,40,,,,40,,,,40,,,,40,
RANGO SNA Basico,,41,,,,41,,,,41,,,,41,,,,41,,,,41,,,,41,,,,,41,,,,41,,,,41,,,,41,,,,41,,,,41,,,,41,,,,41,,,,41,,,,41,,,,41,,,,41,,,,41,,,,41,,,,41,,,,41,,,,41,,,,41,,,,41,,,,41,,,,41,,,,41,,,,41,AF162217,,,41,,,,41,,,,41,,,,41,,,,41,,,,41,,,,41,,,,41,
RANGO SNA Basico,,42,,,,42,,,,42,AD180213,,,42,,,,42,AA180151,,,42,A1101489,,,42,Ocupada,A4180468,,,42,A5280349,,,42,A9180256,,,42,AE180547,,,42,,,,42,A7180475,,,42,A6180354,,,42,AB180195,,,42,,,,42,,,,42,,,,42,,,,42,,,,42,,,,42,,,,42,,,,42,,,,42,,,,42,,,,42,,,,42,,,,42,ocupado,,,42,,,,42,,,,42,,,,42,,,,42,,,,42,,,,42,,,,42,,,,42,,,,42,
RANGO SNA Basico,,43,Ocupada,A2180535,,43,,,,43,AD180497,,,43,A3103350,,,43,,,,43,,,,43,,,,,43,,,,43,,,,43,,,,43,,,,43,,,,43,,,,43,,,,43,,,,43,,,,43,,,,43,,,,43,,,,43,,,,43,,,,43,,,,43,,,,43,,,,43,,,,43,,,,43,,,,43,,,,43,,,,43,,,,43,,,,43,,,,43,,,,43,,,,43,,,,43,,,,43,,,,43,
RANGO SNA Basico,,44,Ocupada,A2180100,,44,,,,44,,,,44,,,,44,,,,44,,,,44,,,,,44,LIBERADA,,,44,A9180257,,,44,,,,44,,,,44,,,,44,,,,44,,,,44,,,,44,,,,44,,,,44,,,,44,,,,44,,,,44,,,,44,,,,44,,,,44,,,,44,,,,44,,,,44,,,,44,,,,44,,,,44,,,,44,,,,44,,,,44,,,,44,,,,44,,,,44,,,,44,,,,44,
RANGO SNA Basico,,45,Ocupada,A2180113,,45,A0100765,,,45,,,,45,,,,45,,,,45,A1180222,,,45,,,,,45,A5280510,,,45,,,,45,,,,45,,,,45,,,,45,,,,45,,,,45,,,,45,,,,45,,,,45,,,,45,,,,45,,,,45,,,,45,,,,45,,,,45,,,,45,,,,45,,,,45,,,,45,,,,45,,,,45,,,,45,,,,45,,,,45,,,,45,,,,45,,,,45,,,,45,,,,45,
RANGO SNA Basico,,46,,,,46,A0180465,,,46,,,,46,,,,46,,,,46,,,,46,,,,,46,,,,46,,,,46,,,,46,,,,46,,,,46,,,,46,,,,46,,,,46,,,,46,,,,46,,,,46,,,,46,,,,46,,,,46,,,,46,,,,46,,,,46,,,,46,,,,46,,,,46,,,,46,,,,46,,,,46,,,,46,,,,46,,,,46,,,,46,,,,46,,,,46,,,,46,
RANGO SNA Basico,,47,Ocupada,A2101429,,47,,,,47,,,,47,,,,47,,,,47,,,,47,,,,,47,,,,47,,,,47,,,,47,,,,47,,,,47,,,,47,,,,47,,,,47,,,,47,,,,47,,,,47,,,,47,,,,47,,,,47,,,,47,,,,47,,,,47,,,,47,,,,47,,,,47,,,,47,,,,47,,,,47,,,,47,,,,47,,,,47,,,,47,,,,47,,,,47,,,,47,
RANGO SNA Basico,,48,,,,48,A0180111,,,48,,,,48,,,,48,,,,48,A1180084,,,48,,,,,48,,,,48,,,,48,,,,48,,,,48,,,,48,,,,48,,,,48,,,,48,,,,48,,,,48,,,,48,,,,48,,,,48,,,,48,,,,48,,,,48,,,,48,,,,48,,,,48,,,,48,,,,48,,,,48,,,,48,,,,48,,,,48,,,,48,,,,48,,,,48,,,,48,,,,48,
RANGO SNA Basico,,49,Liberada,A2101133,,49,A0100768,,,49,,,,49,,,,49,,,,49,A1102414,,,49,,,,,49,,,,49,,,,49,,,,49,,,,49,,,,49,,,,49,,,,49,,,,49,,,,49,,,,49,,,,49,,,,49,,,,49,,,,49,,,,49,,,,49,,,,49,,,,49,,,,49,,,,49,,,,49,,,,49,,,,49,,,,49,,,,49,,,,49,,,,49,,,,49,,,,49,,,,49,
RANGO SNA Basico,,50,,,,50,,,,50,,,,50,,,,50,,,,50,,,,50,,,,,50,Liberada,,,50,,,,50,,,,50,,,,50,,,,50,,,,50,,,,50,,,,50,,,,50,,,,50,,,,50,,,,50,,,,50,,,,50,,,,50,,,,50,,,,50,,,,50,,,,50,,,,50,,,,50,,,,50,,,,50,,,,50,,,,50,,,,50,,,,50,,,,50,,,,50,,,,50,
RANGO SNA Basico,,51,,,,51,,,,51,,,,51,,,,51,,,,51,,,,51,,,,,51,,,,51,,,,51,,,,51,,,,51,,,,51,,,,51,,,,51,,,,51,,,,51,,,,51,,,,51,,,,51,,,,51,,,,51,,,,51,,,,51,,,,51,,,,51,,,,51,,,,51,,,,51,,,,51,,,,51,,,,51,,,,51,,,,51,,,,51,,,,51,,,,51,,,,51,
RANGO SNA Basico,,52,,,,52,,,,52,,,,52,,,,52,,,,52,,,,52,,,,,52,,,,52,,,,52,,,,52,,,,52,,,,52,,,,52,,,,52,,,,52,,,,52,,,,52,,,,52,,,,52,,,,52,,,,52,,,,52,,,,52,,,,52,,,,52,,,,52,,,,52,,,,52,,,,52,,,,52,,,,52,,,,52,,,,52,,,,52,,,,52,,,,52,,,,52,
RANGO SNA Basico,,53,,,,53,A0100766,,,53,,,,53,,,,53,,,,53,,,,53,,,,,53,,,,53,,,,53,,,,53,,,,53,,,,53,,,,53,,,,53,,,,53,,,,53,,,,53,,,,53,,,,53,,,,53,,,,53,,,,53,,,,53,,,,53,,,,53,,,,53,,,,53,,,,53,,,,53,,,,53,,,,53,,,,53,,,,53,,,,53,,,,53,,,,53,,,,53,
RANGO SNA Basico,,54,,,,54,A0100767,,,54,,,,54,,,,54,,,,54,A1100481,,,54,,,,,54,,,,54,,,,54,,,,54,,,,54,,,,54,,,,54,,,,54,,,,54,,,,54,,,,54,,,,54,,,,54,,,,54,,,,54,,,,54,,,,54,,,,54,,,,54,,,,54,,,,54,,,,54,,,,54,,,,54,,,,54,,,,54,,,,54,,,,54,,,,54,,,,54,,,,54,
RANGO SNA Basico,,55,,,,55,A0101460,,,55,,,,55,,,,55,,,,55,A1180367,,,55,,,,,55,,,,55,,,,55,,,,55,,,,55,,,,55,,,,55,,,,55,,,,55,,,,55,,,,55,,,,55,,,,55,,,,55,,,,55,,,,55,,,,55,,,,55,,,,55,,,,55,,,,55,,,,55,,,,55,,,,55,,,,55,,,,55,,,,55,,,,55,,,,55,,,,55,,,,55,
RANGO SNA Basico,,56,,,,56,A0102032,,,56,,,,56,,,,56,,,,56,A1100643,,,56,,,,,56,,,,56,,,,56,,,,56,,,,56,,,,56,,,,56,,,,56,,,,56,,,,56,,,,56,,,,56,,,,56,,,,56,,,,56,,,,56,,,,56,,,,56,,,,56,,,,56,,,,56,,,,56,,,,56,,,,56,,,,56,,,,56,,,,56,,,,56,,,,56,,,,56,,,,56,
RANGO SNA Basico,,57,,,,57,A0180403,,,57,,,,57,,,,57,,,,57,,,,57,,,,,57,,,,57,,,,57,,,,57,,,,57,,,,57,,,,57,,,,57,,,,57,,,,57,,,,57,,,,57,,,,57,,,,57,,,,57,,,,57,,,,57,,,,57,,,,57,,,,57,,,,57,,,,57,,,,57,,,,57,,,,57,,,,57,,,,57,,,,57,,,,57,,,,57,,,,57,
RANGO SNA Basico,,58,,,,58,A0102033,,,58,,,,58,,,,58,,,,58,A1180539,,,58,,,,,58,,,,58,,,,58,,,,58,,,,58,,,,58,,,,58,,,,58,,,,58,,,,58,,,,58,,,,58,,,,58,,,,58,,,,58,,,,58,,,,58,,,,58,,,,58,,,,58,,,,58,,,,58,,,,58,,,,58,,,,58,,,,58,,,,58,,,,58,,,,58,,,,58,,,,58,
RANGO SNA Basico,,59,,,,59,A0180165,,,59,,,,59,,,,59,,,,59,,,,59,,,,,59,,,,59,,,,59,,,,59,Ocupada,A1980492,,59,,,,59,,,,59,,,,59,,,,59,,,,59,,,,59,,,,59,,,,59,,,,59,,,,59,,,,59,,,,59,,,,59,,,,59,,,,59,,,,59,,,,59,,,,59,,,,59,,,,59,,,,59,,,,59,,,,59,,,,59,,,,59,,,,59,
RANGO SNA Basico,,60,,,,60,A0101148,,,60,,,,60,,,,60,,,,60,A1103349,,,60,,,,,60,,,,60,,,,60,,,,60,,,,60,,,,60,,,,60,,,,60,,,,60,,,,60,,,,60,,,,60,,,,60,,,,60,,,,60,,,,60,,,,60,,,,60,,,,60,,,,60,,,,60,,,,60,,,,60,,,,60,,,,60,,,,60,,,,60,,,,60,,,,60,,,,60,,,,60,
RANGO SNA Basico,,61,,,,61,A0100909,,,61,,,,61,,,,61,,,,61,A1180159,,,61,,,,,61,,,,61,,,,61,,,,61,,,,61,,,,61,,,,61,,,,61,,,,61,,,,61,,,,61,,,,61,,,,61,,,,61,,,,61,,,,61,,,,61,,,,61,,,,61,,,,61,,,,61,,,,61,,,,61,,,,61,,,,61,,,,61,,,,61,,,,61,,,,61,,,,61,,,,61,
RANGO SNA Basico,,62,,,,62,A0162203,imp térmica,,62,,,,62,,,,62,,,,62,A1180041,,,62,,,,,62,,,,62,,,,62,,,,62,,,,62,,,,62,,,,62,,,,62,,,,62,,,,62,,,,62,,,,62,,,,62,,,,62,,,,62,,,,62,,,,62,,,,62,,,,62,,,,62,,,,62,,,,62,,,,62,,,,62,,,,62,,,,62,,,,62,,,,62,,,,62,,,,62,,,,62,
RANGO SNA Basico,,63,,,,63,A0162204,imp térmica,,63,,,,63,,,,63,,,,63,,,,63,,,,,63,,,,63,,,,63,,,,63,,,,63,,,,63,,,,63,,,,63,,,,63,,,,63,,,,63,,,,63,,,,63,,,,63,,,,63,,,,63,,,,63,,,,63,,,,63,,,,63,,,,63,,,,63,,,,63,,,,63,,,,63,,,,63,,,,63,,,,63,,,,63,,,,63,,,,63,
RANGO SNA Basico,,64,,,,64,,,,64,,,,64,,,,64,,,,64,,,,64,,,,,64,,,,64,,,,64,,,,64,,,,64,,,,64,,,,64,,,,64,,,,64,,,,64,,,,64,,,,64,,,,64,,,,64,,,,64,,,,64,,,,64,,,,64,,,,64,,,,64,,,,64,,,,64,,,,64,,,,64,,,,64,,,,64,,,,64,,,,64,,,,64,,,,64,,,,64,
RANGO SNA Basico,,65,,,,65,,,,65,,,,65,,,,65,,,,65,A1180302,,,65,,,,,65,,,,65,,,,65,,,,65,,,,65,,,,65,,,,65,,,,65,,,,65,,,,65,,,,65,,,,65,,,,65,,,,65,,,,65,,,,65,,,,65,,,,65,,,,65,,,,65,,,,65,,,,65,,,,65,,,,65,,,,65,,,,65,,,,65,,,,65,,,,65,,,,65,,,,65,
RANGO SNA Basico,,66,,,,66,,,,66,,,,66,,,,66,,,,66,A1101638,,,66,,,,,66,,,,66,,,,66,,,,66,,,,66,,,,66,,,,66,,,,66,,,,66,,,,66,,,,66,,,,66,,,,66,,,,66,,,,66,,,,66,,,,66,,,,66,,,,66,,,,66,,,,66,,,,66,,,,66,,,,66,,,,66,,,,66,,,,66,,,,66,,,,66,,,,66,,,,66,
RANGO SNA Basico,,67,Ocupada,A2170022 ,,67,A0170004 ,,,67,,,,67,,,,67,AA170011 ,,,67,A1170010 ,,,67,Ocupada,A4170007 ,,,67,A5270025 ,,,67,A9170008 ,,,67,AE170015 ,,,67,,,,67,A7170006 ,,,67,A6170005 ,,,67,AB170012 ,,,67,A6970019 ,,,67,A3970016 ,,,67,A2970003 ,,,67,AB970024 ,,,67,AD970001 ,,,67,AE970002 ,,,67,A9970021 ,,,67,A7970013 ,,,67,A5970018 ,,,67,AA970023 ,,,67,A8970020 ,,,67,AC170026 ,,,67,AC970027 ,,,67,A8170009 ,,,67,,,,67,AF170157,,,67,,,,67,,,,67,,,,67,,,,67,,,,67,,,,67,,,,67,
,,68,,,,68,A0180085,,,68,,,,68,,,,68,,,,68,,,,68,Ocupada,A4180167,,,68,,,,68,,,,68,,,,68,Ocupada,,,68,,,,68,,,,68,,,,68,,,,68,,,,68,,,,68,,,,68,,,,68,,,,68,,,,68,,,,68,,,,68,,,,68,,,,68,,,,68,,,,68,,,,68,,,,68,,,,68,,,,68,,,,68,,,,68,,,,68,,,,68,,,,68,,,,68,
,,69,,,,69,A0103347,,,69,,,,69,,,,69,,,,69,,,,69,Ocupada,A4180168,,,69,,,,69,,,,69,,,,69,,,,69,,,,69,,,,69,,,,69,,,,69,,,,69,,,,69,,,,69,,,,69,,,,69,,,,69,,,,69,,,,69,,,,69,,,,69,,,,69,,,,69,,,,69,,,,69,,,,69,,,,69,,,,69,,,,69,,,,69,,,,69,,,,69,,,,69,
,,70,,,,70,,,,70,,,,70,,,,70,,,,70,,,,70,Ocupada,A4180477,,,70,Portero,,,70,,,,70,,,,70,Ocupada,A1970136,,70,,,,70,,,,70,,,,70,,,,70,,,,70,,,,70,,,,70,,,,70,,,,70,,,,70,,,,70,,,,70,,,,70,,,,70,,,,70,,,,70,,,,70,,,,70,Chipera,,,70,,,,70,,,,70,,,,70,,,,70,,,,70,,,,70,,,,70,
,,71,,,,71,A0180568,,,71,,,,71,,,,71,,,,71,,,,71,Ocupada,A4180387,,,71,,,,71,,,,71,,,,71,,,,71,,,,71,,,,71,,,,71,,,,71,,,,71,,,,71,,,,71,,,,71,,,,71,,,,71,,,,71,,,,71,,,,71,,,,71,,,,71,,,,71,,,,71,,,,71,,,,71,,,,71,,,,71,,,,71,,,,71,,,,71,,,,71,,,,71,
,,72,,,,72,A0180601,,,72,,,,72,,,,72,,,,72,,,,72,Ocupada,A4102140,,,72,,,,72,,,,72,,,,72,,,,72,,,,72,,,,72,,,,72,,,,72,,,,72,,,,72,,,,72,,,,72,,,,72,,,,72,,,,72,,,,72,,,,72,,,,72,,,,72,,,,72,,,,72,,,,72,,,,72,,,,72,,,,72,,,,72,,,,72,,,,72,,,,72,,,,72,
,,73,,,,73,,,,73,,,,73,,,,73,,,,73,A2180433,,,73,Ocupada,A4102141,,,73,,,,73,,,,73,,,,73,,,,73,,,,73,,,,73,,,,73,,,,73,,,,73,,,,73,,,,73,,,,73,,,,73,,,,73,,,,73,,,,73,,,,73,,,,73,,,,73,,,,73,,,,73,,,,73,,,,73,,,,73,,,,73,,,,73,,,,73,,,,73,,,,73,,,,73,
,,74,,,,74,,,,74,,,,74,,,,74,,,,74,A1180513,,,74,Ocupada,A4102136,,,74,,,,74,,,,74,,,,74,,,,74,,,,74,,,,74,,,,74,,,,74,,,,74,,,,74,,,,74,,,,74,,,,74,,,,74,,,,74,,,,74,,,,74,,,,74,,,,74,,,,74,,,,74,,,,74,,,,74,,,,74,,,,74,,,,74,,,,74,,,,74,,,,74,,,,74,
,,75,,,,75,,,,75,,,,75,,,,75,,,,75,A1102221,,,75,Ocupada,A4101742,,,75,,,,75,,,,75,,,,75,,,,75,,,,75,,,,75,,,,75,,,,75,,,,75,,,,75,,,,75,,,,75,,,,75,,,,75,,,,75,,,,75,,,,75,,,,75,,,,75,,,,75,,,,75,,,,75,,,,75,,,,75,,,,75,,,,75,,,,75,,,,75,,,,75,,,,75,
,,76,,,,76,,,,76,,,,76,,,,76,,,,76,A1180110,,,76,Ocupada,A4102127,,,76,,,,76,,,,76,,,,76,,,,76,,,,76,,,,76,,,,76,,,,76,,,,76,,,,76,,,,76,,,,76,,,,76,,,,76,,,,76,,,,76,,,,76,,,,76,,,,76,,,,76,,,,76,,,,76,,,,76,,,,76,,,,76,,,,76,,,,76,,,,76,,,,76,,,,76,
,,77,,,,77,,,,77,,,,77,,,,77,,,,77,A1104023,,,77,Ocupada,A4102134,,,77,,,,77,,,,77,,,,77,,,,77,,,,77,,,,77,,,,77,,,,77,,,,77,,,,77,,,,77,,,,77,,,,77,,,,77,,,,77,,,,77,,,,77,,,,77,,,,77,,,,77,,,,77,,,,77,,,,77,,,,77,,,,77,,,,77,,,,77,,,,77,,,,77,,,,77,
,,78,,,,78,,,,78,,,,78,,,,78,,,,78,A1104022,,,78,,,,,78,,,,78,,,,78,,,,78,,,,78,,,,78,,,,78,,,,78,,,,78,,,,78,,,,78,,,,78,,,,78,,,,78,,,,78,,,,78,,,,78,,,,78,,,,78,,,,78,,,,78,,,,78,,,,78,,,,78,,,,78,,,,78,,,,78,,,,78,,,,78,,,,78,,,,78,
,,79,,,,79,,,,79,,,,79,A3102636,,,79,,,,79,A1180077,,,79,,,,,79,,,,79,,,,79,,,,79,,,,79,,,,79,,,,79,,,,79,,,,79,,,,79,,,,79,,,,79,,,,79,,,,79,,,,79,,,,79,,,,79,,,,79,,,,79,,,,79,,,,79,,,,79,,,,79,,,,79,,,,79,,,,79,,,,79,,,,79,,,,79,,,,79,,,,79,
,,80,,,,80,U8R69060,,,80,,,,80,,,,80,,,,80,,,,80,Ocupada,A4180270,,,80,,,,80,,,,80,,,,80,,,,80,,,,80,,,,80,,,,80,,,,80,,,,80,,,,80,,,,80,,,,80,,,,80,,,,80,,,,80,,,,80,,,,80,,,,80,,,,80,,,,80,,,,80,,,,80,,,,80,,,,80,,,,80,,,,80,,,,80,,,,80,,,,80,,,,80,
,,81,,,,81,CA,,,81,,,,81,,,,81,,,,81,A1104027,,,81,Ocupada,A4102137,,,81,,,,81,,,,81,,,,81,,,,81,,,,81,,,,81,,,,81,,,,81,,,,81,,,,81,,,,81,,,,81,,,,81,,,,81,,,,81,,,,81,,,,81,,,,81,,,,81,,,,81,,,,81,,,,81,,,,81,,,,81,,,,81,,,,81,,,,81,,,,81,,,,81,,,,81,
,,82,,,,82,,,,82,,,,82,,,,82,,,,82,A1103795,,,82,Ocupada,A4102527,,,82,,,,82,,,,82,,,,82,,,,82,,,,82,,,,82,,,,82,,,,82,,,,82,,,,82,,,,82,,,,82,,,,82,,,,82,,,,82,,,,82,,,,82,,,,82,,,,82,,,,82,,,,82,,,,82,,,,82,,,,82,,,,82,,,,82,,,,82,,,,82,,,,82,,,,82,
,,83,,,,83,,,,83,,,,83,,,,83,,,,83,A1180544,,,83,Ocupada,A4102131,,,83,,,,83,,,,83,,,,83,,,,83,,,,83,,,,83,,,,83,,,,83,,,,83,,,,83,,,,83,,,,83,,,,83,,,,83,,,,83,,,,83,,,,83,,,,83,,,,83,,,,83,,,,83,,,,83,,,,83,,,,83,,,,83,,,,83,,,,83,,,,83,,,,83,,,,83,
,,84,,,,84,,,,84,,,,84,,,,84,,,,84,A1180719,,,84,Ocupada,A4102142,,,84,,,,84,,,,84,,,,84,,,,84,,,,84,,,,84,,,,84,,,,84,,,,84,,,,84,,,,84,,,,84,,,,84,,,,84,,,,84,,,,84,,,,84,,,,84,,,,84,,,,84,,,,84,,,,84,,,,84,,,,84,,,,84,,,,84,,,,84,,,,84,,,,84,,,,84,
,,85,,,,85,,,,85,,,,85,,,,85,,,,85,A1180722,,,85,Ocupada,A4102129,,,85,,,,85,,,,85,,,,85,,,,85,,,,85,,,,85,,,,85,,,,85,,,,85,,,,85,,,,85,,,,85,,,,85,,,,85,,,,85,,,,85,,,,85,,,,85,,,,85,,,,85,,,,85,,,,85,,,,85,,,,85,,,,85,,,,85,,,,85,,,,85,,,,85,,,,85,
,,86,,,,86,,,,86,,,,86,,,,86,,,,86,A1181142,,,86,Ocupada,A4180470,,,86,,,,86,,,,86,,,,86,,,,86,,,,86,,,,86,,,,86,,,,86,,,,86,,,,86,,,,86,,,,86,,,,86,,,,86,,,,86,,,,86,,,,86,,,,86,,,,86,,,,86,,,,86,,,,86,,,,86,,,,86,,,,86,,,,86,,,,86,,,,86,,,,86,,,,86,
,,87,,,,87,,,,87,,,,87,,,,87,,,,87,,,,87,,,,,87,,,,87,,,,87,,,,87,,,,87,,,,87,,,,87,,,,87,,,,87,,,,87,,,,87,,,,87,,,,87,,,,87,,,,87,,,,87,,,,87,,,,87,,,,87,,,,87,,,,87,,,,87,,,,87,,,,87,,,,87,,,,87,,,,87,,,,87,,,,87,,,,87,,,,87,
,,88,,,,88,,,,88,,,,88,,,,88,,,,88,,,,88,Ocupada,A4102130,,,88,,,,88,,,,88,,,,88,,,,88,,,,88,,,,88,,,,88,,,,88,,,,88,,,,88,,,,88,,,,88,,,,88,,,,88,,,,88,,,,88,,,,88,,,,88,,,,88,,,,88,,,,88,,,,88,,,,88,,,,88,,,,88,,,,88,,,,88,,,,88,,,,88,,,,88,
,,89,,,,89,,,,89,,,,89,,,,89,,,,89,,,,89,Ocupada,A4180490,,,89,,,,89,,,,89,,,,89,,,,89,,,,89,,,,89,,,,89,,,,89,,,,89,,,,89,,,,89,,,,89,,,,89,,,,89,,,,89,,,,89,,,,89,,,,89,,,,89,,,,89,,,,89,,,,89,,,,89,,,,89,,,,89,,,,89,,,,89,,,,89,,,,89,,,,89,
,,90,RELOJ,,,90,RELOJ,,,90,RELOJ,,,90,RELOJ,,,90,RELOJ,Reloj,,90,,,,90,Ocupada,A4102138,,,90,RELOJ,,,90,Reloj,,,90,RELOJ,,,90,Reservado,Reloj,,90,Reservado,Reloj,,90,Reloj,,,90,Reservado,Reloj,,90,RELOJ,,,90,Reloj,,,90,Reservado,Reloj,,90,RELOJ,,,90,RELOJ,,,90,Reservado,Reloj,,90,Reservado,Reloj,,90,RELOJ,,,90,RELOJ,,,90,Reloj,,,90,Reservado,Reloj,,90,Reservado,Reloj,,90,Reservado,Reloj,,90,Reservado,Reloj,,90,RELOJ,,,90,RELOJ,Centro Civico,,90,,Reloj,,90,Reservado,Reloj,,90,RELOJ,,,90,RELOJ,,,90,RELOJ,,,90,RELOJ,,,90,RELOJ,,,90,RELOJ
,,91,Reservado Reloj,,,91,,,,91,RELOJ PE,,,91,Reservado 2do Reloj,,,91,,,,91,,,,91,Ocupada,A4102139,,,91,Reservado 2do Reloj,,,91,Reservado 2do Reloj,,,91,Reservado 2do Reloj,,,91,,,,91,,,,91,,,,91,,,,91,,,,91,,,,91,,,,91,,,,91,,,,91,,,,91,,,,91,,,,91,,,,91,,,,91,,,,91,,,,91,,,,91,,,,91,,,,91,RELOJ,Tienda,,91,,,,91,,,,91,,,,91,,,,91,,,,91,,,,91,,,,91,
,,92,,,,92,,,,92,,,,92,,,,92,,,,92,,,,92,Ocupada,A4102128,,,92,Portero IP,,,92,,,,92,,,,92,,,,92,,,,92,,,,92,,,,92,,,,92,,,,92,,,,92,,,,92,,,,92,,,,92,,,,92,,,,92,,,,92,,,,92,,,,92,,,,92,,,,92,,,,92,,,,92,,,,92,,,,92,,,,92,,,,92,,,,92,,,,92,,,,92,,,,92,
,,93,,,,93,,,,93,,,,93,,,,93,,,,93,,,,93,Ocupada,A4102135,,,93,Camara Sala de Señales,,,93,,,,93,,,,93,,,,93,,,,93,,,,93,,,,93,,,,93,,,,93,,,,93,,,,93,,,,93,,,,93,,,,93,,,,93,,,,93,,,,93,,,,93,,,,93,,,,93,,,,93,,,,93,,,,93,,,,93,,,,93,,,,93,,,,93,,,,93,,,,93,,,,93,
,,94,,,,94,,,,94,,,,94,,,,94,,,,94,,,,94,Ocupada,A4102132,,,94,Control de Acceso Sala de señales,,,94,,,,94,,,,94,,,,94,,,,94,,,,94,,,,94,,,,94,,,,94,,,,94,,,,94,,,,94,,,,94,,,,94,,,,94,,,,94,,,,94,,,,94,,,,94,,,,94,,,,94,,,,94,,,,94,,,,94,,,,94,,,,94,,,,94,,,,94,,,,94,,,,94,
,,95,,,,95,,,,95,,,,95,,,,95,,,,95,,,,95,Ocupada,A4180379,,,95,,,,95,,,,95,,,,95,,,,95,,,,95,,,,95,,,,95,,,,95,,,,95,,,,95,,,,95,,,,95,,,,95,,,,95,,,,95,,,,95,,,,95,,,,95,,,,95,,,,95,,,,95,,,,95,,,,95,,,,95,,,,95,,,,95,,,,95,,,,95,,,,95,,,,95,
,,96,,,,96,A0180166,,,96,,,,96,,,,96,,,,96,,,,96,,,,,96,,,,96,,,,96,,,,96,,,,96,,,,96,,,,96,,,,96,,,,96,,,,96,,,,96,,,,96,,,,96,,,,96,,,,96,,,,96,,,,96,,,,96,,,,96,,,,96,,,,96,,,,96,,,,96,,,,96,,,,96,,,,96,,,,96,,,,96,,,,96,,,,96,,,,96,
,,97,,,,97,A0102172,,,97,,,,97,,,,97,,,,97,,,,97,Ocupada,A4101632,,,97,,,,97,,,,97,,,,97,,,,97,,,,97,,,,97,,,,97,,,,97,,,,97,,,,97,,,,97,,,,97,,,,97,,,,97,,,,97,,,,97,,,,97,,,,97,,,,97,,,,97,,,,97,,,,97,,,,97,,,,97,,,,97,,,,97,,,,97,,,,97,,,,97,,,,97,
,,98,,,,98,,,,98,,,,98,,,,98,,,,98,,,,98,,,,,98,,,,98,,,,98,,,,98,,,,98,,,,98,,,,98,,,,98,,,,98,,,,98,,,,98,,,,98,,,,98,,,,98,,,,98,,,,98,,,,98,,,,98,,,,98,,,,98,,,,98,,,,98,,,,98,,,,98,,,,98,,,,98,,,,98,,,,98,,,,98,,,,98,,,,98,
,,99,A2107582,,,99,,,,99,,,,99,,,,99,,,,99,,,,99,,,,,99,,,,99,,,,99,,,,99,,,,99,,,,99,,,,99,,,,99,,,,99,,,,99,,,,99,,,,99,,,,99,,,,99,,,,99,,,,99,,,,99,,,,99,,,,99,,,,99,,,,99,,,,99,,,,99,,,,99,,,,99,,,,99,,,,99,,,,99,,,,99,,,,99,,,,99,
,,100,,,,100,,,,100,,,,100,,,,100,,,,100,,,,100,RELOJ,,,,100,,,,100,,,,100,,,,100,,,,100,,,,100,,,,100,,,,100,,,,100,,,,100,,,,100,,,,100,,,,100,,,,100,,,,100,,,,100,,,,100,,,,100,,,,100,,,,100,,,,100,,,,100,,,,100,,,,100,,,,100,,,,100,,,,100,,,,100,,,,100,,,,100,,,,100,
,,101,,,,101,,,,101,,,,101,,,,101,,,,101,,,,101,Reservada RELOJ,,,,101,,,,101,,,,101,,,,101,,,,101,,,,101,,,,101,,,,101,,,,101,,,,101,,,,101,,,,101,,,,101,,,,101,,,,101,,,,101,,,,101,,,,101,,,,101,,,,101,,,,101,,,,101,,,,101,,,,101,,,,101,,,,101,,,,101,,,,101,,,,101,,,,101,,,,101,
,,102,,,,102,,,,102,,,,102,,,,102,,,,102,,,,102,Ocupada,,,,102,,,,102,,,,102,,,,102,,,,102,,,,102,,,,102,,,,102,,,,102,,,,102,,,,102,,,,102,,,,102,,,,102,,,,102,,,,102,,,,102,,,,102,,,,102,,,,102,,,,102,,,,102,,,,102,,,,102,,,,102,,,,102,,,,102,,,,102,,,,102,,,,102,,,,102,
,,103,,,,103,,,,103,,,,103,,,,103,,,,103,,,,103,Ocupada,A4180521,,,103,,,,103,,,,103,,,,103,,,,103,,,,103,,,,103,,,,103,,,,103,,,,103,,,,103,,,,103,,,,103,,,,103,,,,103,,,,103,,,,103,,,,103,,,,103,,,,103,,,,103,,,,103,,,,103,,,,103,,,,103,,,,103,,,,103,,,,103,,,,103,,,,103,,,,103,
,,104,,,,104,,,,104,,,,104,,,,104,,,,104,,,,104,,,,,104,,,,104,,,,104,,,,104,,,,104,,,,104,,,,104,,,,104,,,,104,,,,104,,,,104,,,,104,,,,104,,,,104,,,,104,,,,104,,,,104,,,,104,,,,104,,,,104,,,,104,,,,104,,,,104,,,,104,,,,104,,,,104,,,,104,,,,104,,,,104,,,,104,,,,104,
,,105,,,,105,,,,105,,,,105,,,,105,,,,105,,,,105,Ocupada,A4101646,,,105,,,,105,,,,105,,,,105,,,,105,,,,105,,,,105,,,,105,,,,105,,,,105,,,,105,,,,105,,,,105,,,,105,,,,105,,,,105,,,,105,,,,105,,,,105,,,,105,,,,105,,,,105,,,,105,,,,105,,,,105,,,,105,,,,105,,,,105,,,,105,,,,105,,,,105,
,,106,,,,106,,,,106,,,,106,,,,106,,,,106,,,,106,,,,,106,,,,106,,,,106,,,,106,,,,106,,,,106,,,,106,,,,106,,,,106,,,,106,,,,106,,,,106,,,,106,,,,106,,,,106,,,,106,,,,106,,,,106,,,,106,,,,106,,,,106,,,,106,,,,106,,,,106,,,,106,,,,106,,,,106,,,,106,,,,106,,,,106,,,,106,
,,107,,,,107,,,,107,,,,107,,,,107,,,,107,,,,107,Ocupada,A4102017,,,107,,,,107,,,,107,,,,107,,,,107,,,,107,,,,107,,,,107,,,,107,,,,107,,,,107,,,,107,,,,107,,,,107,,,,107,,,,107,,,,107,,,,107,,,,107,,,,107,,,,107,,,,107,,,,107,,,,107,,,,107,,,,107,,,,107,,,,107,,,,107,,,,107,,,,107,
,,108,,,,108,,,,108,,,,108,,,,108,,,,108,,,,108,,,,,108,,,,108,,,,108,,,,108,,,,108,,,,108,,,,108,,,,108,,,,108,,,,108,,,,108,,,,108,,,,108,,,,108,,,,108,,,,108,,,,108,,,,108,,,,108,,,,108,,,,108,,,,108,,,,108,,,,108,,,,108,,,,108,,,,108,,,,108,,,,108,,,,108,,,,108,
,,109,,,,109,,,,109,,,,109,,,,109,,,,109,,,,109,Ocupada,A4102018,,,109,,,,109,,,,109,,,,109,,,,109,,,,109,,,,109,,,,109,,,,109,,,,109,,,,109,,,,109,,,,109,,,,109,,,,109,,,,109,,,,109,,,,109,,,,109,,,,109,,,,109,,,,109,,,,109,,,,109,,,,109,,,,109,,,,109,,,,109,,,,109,,,,109,,,,109,
,,110,,,,110,,,,110,,,,110,,,,110,,,,110,,,,110,Ocupada,A4180210,,,110,,,,110,,,,110,,,,110,,,,110,,,,110,,,,110,,,,110,,,,110,,,,110,,,,110,,,,110,,,,110,,,,110,,,,110,,,,110,,,,110,,,,110,,,,110,,,,110,,,,110,,,,110,,,,110,,,,110,,,,110,,,,110,,,,110,,,,110,,,,110,,,,110,,,,110,
,,111,,,,111,,,,111,,,,111,,,,111,,,,111,,,,111,Ocupada,A4102133,,,111,,,,111,,,,111,,,,111,,,,111,,,,111,,,,111,,,,111,,,,111,,,,111,,,,111,,,,111,,,,111,,,,111,,,,111,,,,111,,,,111,,,,111,,,,111,,,,111,,,,111,,,,111,,,,111,,,,111,,,,111,,,,111,,,,111,,,,111,,,,111,,,,111,,,,111,
,,112,,,,112,,,,112,,,,112,,,,112,,,,112,,,,112,,,,,112,,,,112,,,,112,,,,112,,,,112,,,,112,,,,112,,,,112,,,,112,,,,112,,,,112,,,,112,,,,112,,,,112,,,,112,,,,112,,,,112,,,,112,,,,112,,,,112,,,,112,,,,112,,,,112,,,,112,,,,112,,,,112,,,,112,,,,112,,,,112,,,,112,,,,112,
,,113,,,,113,,,,113,,,,113,,,,113,,,,113,,,,113,,,,,113,,,,113,,,,113,,,,113,,,,113,,,,113,,,,113,,,,113,,,,113,,,,113,,,,113,,,,113,,,,113,,,,113,,,,113,,,,113,,,,113,,,,113,,,,113,,,,113,,,,113,,,,113,,,,113,,,,113,,,,113,,,,113,,,,113,,,,113,,,,113,,,,113,,,,113,
,,114,,,,114,,,,114,,,,114,,,,114,,,,114,,,,114,,,,,114,,,,114,,,,114,,,,114,,,,114,,,,114,,,,114,,,,114,,,,114,,,,114,,,,114,,,,114,,,,114,,,,114,,,,114,,,,114,,,,114,,,,114,,,,114,,,,114,,,,114,,,,114,,,,114,,,,114,,,,114,,,,114,,,,114,,,,114,,,,114,,,,114,,,,114,
,,115,,,,115,,,,115,,,,115,,,,115,,,,115,,,,115,,,,,115,,,,115,,,,115,,,,115,,,,115,,,,115,,,,115,,,,115,,,,115,,,,115,,,,115,,,,115,,,,115,,,,115,,,,115,,,,115,,,,115,,,,115,,,,115,,,,115,,,,115,,,,115,,,,115,,,,115,,,,115,,,,115,,,,115,,,,115,,,,115,,,,115,,,,115,
,,116,,,,116,,,,116,,,,116,,,,116,,,,116,,,,116,,,,,116,,,,116,,,,116,,,,116,,,,116,,,,116,,,,116,,,,116,,,,116,,,,116,,,,116,,,,116,,,,116,,,,116,,,,116,,,,116,,,,116,,,,116,,,,116,,,,116,,,,116,,,,116,,,,116,,,,116,,,,116,,,,116,,,,116,,,,116,,,,116,,,,116,,,,116,
,,117,,,,117,,,,117,,,,117,,,,117,,,,117,,,,117,,,,,117,,,,117,,,,117,,,,117,,,,117,,,,117,,,,117,,,,117,,,,117,,,,117,,,,117,,,,117,,,,117,,,,117,,,,117,,,,117,,,,117,,,,117,,,,117,,,,117,,,,117,,,,117,,,,117,,,,117,,,,117,,,,117,,,,117,,,,117,,,,117,,,,117,,,,117,
,,118,,,,118,,,,118,,,,118,,,,118,,,,118,,,,118,,,,,118,,,,118,,,,118,,,,118,,,,118,,,,118,,,,118,,,,118,,,,118,,,,118,,,,118,,,,118,,,,118,,,,118,,,,118,,,,118,,,,118,,,,118,,,,118,,,,118,,,,118,,,,118,,,,118,,,,118,,,,118,,,,118,,,,118,,,,118,,,,118,,,,118,,,,118,
,,119,,,,119,,,,119,,,,119,,,,119,,,,119,,,,119,,,,,119,,,,119,,,,119,,,,119,,,,119,,,,119,,,,119,,,,119,,,,119,,,,119,,,,119,,,,119,,,,119,,,,119,,,,119,,,,119,,,,119,,,,119,,,,119,,,,119,,,,119,,,,119,,,,119,,,,119,,,,119,,,,119,,,,119,,,,119,,,,119,,,,119,,,,119,
,,120,,,,120,,,,120,,,,120,,,,120,,,,120,,,,120,,,,,120,,,,120,,,,120,,,,120,,,,120,,,,120,,,,120,,,,120,,,,120,,,,120,,,,120,,,,120,,,,120,,,,120,,,,120,,,,120,,,,120,,,,120,,,,120,,,,120,,,,120,,,,120,,,,120,,,,120,,,,120,,,,120,,,,120,,,,120,,,,120,,,,120,,,,120,
,,121,,,,121,,,,121,,,,121,,,,121,,,,121,,,,121,Ocupada,A4102271,,,121,,,,121,,,,121,,,,121,,,,121,,,,121,,,,121,,,,121,,,,121,,,,121,,,,121,,,,121,,,,121,,,,121,,,,121,,,,121,,,,121,,,,121,,,,121,,,,121,,,,121,,,,121,,,,121,,,,121,,,,121,,,,121,,,,121,,,,121,,,,121,,,,121,,,,121,
,,122,,,,122,,,,122,,,,122,,,,122,,,,122,,,,122,,,,,122,,,,122,,,,122,,,,122,,,,122,,,,122,,,,122,,,,122,,,,122,,,,122,,,,122,,,,122,,,,122,,,,122,,,,122,,,,122,,,,122,,,,122,,,,122,,,,122,,,,122,,,,122,,,,122,,,,122,,,,122,,,,122,,,,122,,,,122,,,,122,,,,122,,,,122,
,,123,,,,123,,,,123,,,,123,,,,123,,,,123,,,,123,Ocupada,A4102204,,,123,,,,123,,,,123,,,,123,,,,123,,,,123,,,,123,,,,123,,,,123,,,,123,,,,123,,,,123,,,,123,,,,123,,,,123,,,,123,,,,123,,,,123,,,,123,,,,123,,,,123,,,,123,,,,123,,,,123,,,,123,,,,123,,,,123,,,,123,,,,123,,,,123,,,,123,
,,124,,,,124,,,,124,,,,124,,,,124,,,,124,,,,124,Ocupada,A4102268,,,124,,,,124,,,,124,,,,124,,,,124,,,,124,,,,124,,,,124,,,,124,,,,124,,,,124,,,,124,,,,124,,,,124,,,,124,,,,124,,,,124,,,,124,,,,124,,,,124,,,,124,,,,124,,,,124,,,,124,,,,124,,,,124,,,,124,,,,124,,,,124,,,,124,,,,124,
,,125,,,,125,,,,125,,,,125,,,,125,,,,125,,,,125,Ocupada,A4180679,,,125,,,,125,,,,125,,,,125,,,,125,,,,125,,,,125,,,,125,,,,125,,,,125,,,,125,,,,125,,,,125,,,,125,,,,125,,,,125,,,,125,,,,125,,,,125,,,,125,,,,125,,,,125,,,,125,,,,125,,,,125,,,,125,,,,125,,,,125,,,,125,,,,125,,,,125,
,,126,,,,126,,,,126,,,,126,,,,126,,,,126,,,,126,,,,,126,,,,126,,,,126,,,,126,,,,126,,,,126,,,,126,,,,126,,,,126,,,,126,,,,126,,,,126,,,,126,,,,126,,,,126,,,,126,,,,126,,,,126,,,,126,,,,126,,,,126,,,,126,,,,126,,,,126,,,,126,,,,126,,,,126,,,,126,,,,126,,,,126,,,,126,
,,127,,,,127,,,,127,,,,127,,,,127,,,,127,,,,127,,,,,127,,,,127,,,,127,,,,127,,,,127,,,,127,,,,127,,,,127,,,,127,,,,127,,,,127,,,,127,,,,127,,,,127,,,,127,,,,127,,,,127,,,,127,,,,127,,,,127,,,,127,,,,127,,,,127,,,,127,,,,127,,,,127,,,,127,,,,127,,,,127,,,,127,,,,127,
,,128,,,,128,,,,128,,,,128,,,,128,,,,128,,,,128,Ocupada,A4102410,,,128,,,,128,,,,128,,,,128,,,,128,,,,128,,,,128,,,,128,,,,128,,,,128,,,,128,,,,128,,,,128,,,,128,,,,128,,,,128,,,,128,,,,128,,,,128,,,,128,,,,128,,,,128,,,,128,,,,128,,,,128,,,,128,,,,128,,,,128,,,,128,,,,128,,,,128,
,,129,,,,129,,,,129,,,,129,,,,129,,,,129,,,,129,,,,,129,,,,129,,,,129,,,,129,,,,129,,,,129,,,,129,,,,129,,,,129,,,,129,,,,129,,,,129,,,,129,,,,129,,,,129,,,,129,,,,129,,,,129,,,,129,,,,129,,,,129,,,,129,,,,129,,,,129,,,,129,,,,129,,,,129,,,,129,,,,129,,,,129,,,,129,
,,130,,,,130,,,,130,,,,130,,,,130,,,,130,,,,130,,,,,130,,,,130,,,,130,,,,130,,,,130,,,,130,,,,130,,,,130,,,,130,,,,130,,,,130,,,,130,,,,130,,,,130,,,,130,,,,130,,,,130,,,,130,,,,130,,,,130,,,,130,,,,130,,,,130,,,,130,,,,130,,,,130,,,,130,,,,130,,,,130,,,,130,,,,130,
,,131,,,,131,,,,131,,,,131,,,,131,,,,131,,,,131,,,,,131,,,,131,,,,131,,,,131,,,,131,,,,131,,,,131,,,,131,,,,131,,,,131,,,,131,,,,131,,,,131,,,,131,,,,131,,,,131,,,,131,,,,131,,,,131,,,,131,,,,131,,,,131,,,,131,,,,131,,,,131,,,,131,,,,131,,,,131,,,,131,,,,131,,,,131,
,,132,,,,132,,,,132,,,,132,,,,132,,,,132,,,,132,Ocupada,A4103651,,,132,,,,132,,,,132,,,,132,,,,132,,,,132,,,,132,,,,132,,,,132,,,,132,,,,132,,,,132,,,,132,,,,132,,,,132,,,,132,,,,132,,,,132,,,,132,,,,132,,,,132,,,,132,,,,132,,,,132,,,,132,,,,132,,,,132,,,,132,,,,132,,,,132,,,,132,
,,133,,,,133,,,,133,,,,133,,,,133,,,,133,,,,133,,,,,133,,,,133,,,,133,,,,133,,,,133,,,,133,,,,133,,,,133,,,,133,,,,133,,,,133,,,,133,,,,133,,,,133,,,,133,,,,133,,,,133,,,,133,,,,133,,,,133,,,,133,,,,133,,,,133,,,,133,,,,133,,,,133,,,,133,,,,133,,,,133,,,,133,,,,133,
,,134,,,,134,,,,134,,,,134,,,,134,,,,134,,,,134,,,,,134,,,,134,,,,134,,,,134,,,,134,,,,134,,,,134,,,,134,,,,134,,,,134,,,,134,,,,134,,,,134,,,,134,,,,134,,,,134,,,,134,,,,134,,,,134,,,,134,,,,134,,,,134,,,,134,,,,134,,,,134,,,,134,,,,134,,,,134,,,,134,,,,134,,,,134,
,,135,,,,135,,,,135,,,,135,,,,135,,,,135,,,,135,,,,,135,,,,135,,,,135,,,,135,,,,135,,,,135,,,,135,,,,135,,,,135,,,,135,,,,135,,,,135,,,,135,,,,135,,,,135,,,,135,,,,135,,,,135,,,,135,,,,135,,,,135,,,,135,,,,135,,,,135,,,,135,,,,135,,,,135,,,,135,,,,135,,,,135,,,,135,
,,136,,,,136,,,,136,,,,136,,,,136,,,,136,,,,136,,,,,136,,,,136,,,,136,,,,136,,,,136,,,,136,,,,136,,,,136,,,,136,,,,136,,,,136,,,,136,,,,136,,,,136,,,,136,,,,136,,,,136,,,,136,,,,136,,,,136,,,,136,,,,136,,,,136,,,,136,,,,136,,,,136,,,,136,,,,136,,,,136,,,,136,,,,136,
,,137,,,,137,,,,137,,,,137,,,,137,,,,137,,,,137,,,,,137,,,,137,,,,137,,,,137,,,,137,,,,137,,,,137,,,,137,,,,137,,,,137,,,,137,,,,137,,,,137,,,,137,,,,137,,,,137,,,,137,,,,137,,,,137,,,,137,,,,137,,,,137,,,,137,,,,137,,,,137,,,,137,,,,137,,,,137,,,,137,,,,137,,,,137,
,,138,,,,138,,,,138,,,,138,,,,138,,,,138,,,,138,,,,,138,,,,138,,,,138,,,,138,,,,138,,,,138,,,,138,,,,138,,,,138,,,,138,,,,138,,,,138,,,,138,,,,138,,,,138,,,,138,,,,138,,,,138,,,,138,,,,138,,,,138,,,,138,,,,138,,,,138,,,,138,,,,138,,,,138,,,,138,,,,138,,,,138,,,,138,
,,139,,,,139,,,,139,,,,139,,,,139,,,,139,,,,139,,,,,139,,,,139,,,,139,,,,139,,,,139,,,,139,,,,139,,,,139,,,,139,,,,139,,,,139,,,,139,,,,139,,,,139,,,,139,,,,139,,,,139,,,,139,,,,139,,,,139,,,,139,,,,139,,,,139,,,,139,,,,139,,,,139,,,,139,,,,139,,,,139,,,,139,,,,139,
,,140,,,,140,,,,140,,,,140,,,,140,,,,140,,,,140,,,,,140,,,,140,,,,140,,,,140,,,,140,,,,140,,,,140,,,,140,,,,140,,,,140,,,,140,,,,140,,,,140,,,,140,,,,140,,,,140,,,,140,,,,140,,,,140,,,,140,,,,140,,,,140,,,,140,,,,140,,,,140,,,,140,,,,140,,,,140,,,,140,,,,140,,,,140,
,,141,,,,141,,,,141,,,,141,,,,141,,,,141,,,,141,,,,,141,,,,141,,,,141,,,,141,,,,141,,,,141,,,,141,,,,141,,,,141,,,,141,,,,141,,,,141,,,,141,,,,141,,,,141,,,,141,,,,141,,,,141,,,,141,,,,141,,,,141,,,,141,,,,141,,,,141,,,,141,,,,141,,,,141,,,,141,,,,141,,,,141,,,,141,
,,142,,,,142,,,,142,,,,142,,,,142,,,,142,,,,142,,,,,142,,,,142,,,,142,,,,142,,,,142,,,,142,,,,142,,,,142,,,,142,,,,142,,,,142,,,,142,,,,142,,,,142,,,,142,,,,142,,,,142,,,,142,,,,142,,,,142,,,,142,,,,142,,,,142,,,,142,,,,142,,,,142,,,,142,,,,142,,,,142,,,,142,,,,142,
,,143,,,,143,,,,143,,,,143,,,,143,,,,143,,,,143,,,,,143,,,,143,,,,143,,,,143,,,,143,,,,143,,,,143,,,,143,,,,143,,,,143,,,,143,,,,143,,,,143,,,,143,,,,143,,,,143,,,,143,,,,143,,,,143,,,,143,,,,143,,,,143,,,,143,,,,143,,,,143,,,,143,,,,143,,,,143,,,,143,,,,143,,,,143,
,,144,,,,144,,,,144,,,,144,,,,144,,,,144,,,,144,,,,,144,,,,144,,,,144,,,,144,,,,144,,,,144,,,,144,,,,144,,,,144,,,,144,,,,144,,,,144,,,,144,,,,144,,,,144,,,,144,,,,144,,,,144,,,,144,,,,144,,,,144,,,,144,,,,144,,,,144,,,,144,,,,144,,,,144,,,,144,,,,144,,,,144,,,,144,
,,145,,,,145,,,,145,,,,145,,,,145,,,,145,,,,145,,,,,145,,,,145,,,,145,,,,145,,,,145,,,,145,,,,145,,,,145,,,,145,,,,145,,,,145,,,,145,,,,145,,,,145,,,,145,,,,145,,,,145,,,,145,,,,145,,,,145,,,,145,,,,145,,,,145,,,,145,,,,145,,,,145,,,,145,,,,145,,,,145,,,,145,,,,145,
,,146,,,,146,,,,146,,,,146,,,,146,,,,146,,,,146,,,,,146,,,,146,,,,146,,,,146,,,,146,,,,146,,,,146,,,,146,,,,146,,,,146,,,,146,,,,146,,,,146,,,,146,,,,146,,,,146,,,,146,,,,146,,,,146,,,,146,,,,146,,,,146,,,,146,,,,146,,,,146,,,,146,,,,146,,,,146,,,,146,,,,146,,,,146,
,,147,,,,147,,,,147,,,,147,,,,147,,,,147,,,,147,,,,,147,,,,147,,,,147,,,,147,,,,147,,,,147,,,,147,,,,147,,,,147,,,,147,,,,147,,,,147,,,,147,,,,147,,,,147,,,,147,,,,147,,,,147,,,,147,,,,147,,,,147,,,,147,,,,147,,,,147,,,,147,,,,147,,,,147,,,,147,,,,147,,,,147,,,,147,
,,148,,,,148,,,,148,,,,148,,,,148,,,,148,,,,148,,,,,148,,,,148,,,,148,,,,148,,,,148,,,,148,,,,148,,,,148,,,,148,,,,148,,,,148,,,,148,,,,148,,,,148,,,,148,,,,148,,,,148,,,,148,,,,148,,,,148,,,,148,,,,148,,,,148,,,,148,,,,148,,,,148,,,,148,,,,148,,,,148,,,,148,,,,148,
,,149,,,,149,,,,149,,,,149,,,,149,,,,149,,,,149,,,,,149,,,,149,,,,149,,,,149,,,,149,,,,149,,,,149,,,,149,,,,149,,,,149,,,,149,,,,149,,,,149,,,,149,,,,149,,,,149,,,,149,,,,149,,,,149,,,,149,,,,149,,,,149,,,,149,,,,149,,,,149,,,,149,,,,149,,,,149,,,,149,,,,149,,,,149,
,,150,,,,150,,,,150,,,,150,,,,150,,,,150,,,,150,,,,,150,,,,150,,,,150,,,,150,,,,150,,,,150,,,,150,,,,150,,,,150,,,,150,,,,150,,,,150,,,,150,,,,150,,,,150,,,,150,,,,150,,,,150,,,,150,,,,150,,,,150,,,,150,,,,150,,,,150,,,,150,,,,150,,,,150,,,,150,,,,150,,,,150,,,,150,
,,151,,,,151,,,,151,,,,151,,,,151,,,,151,,,,151,,,,,151,,,,151,,,,151,,,,151,,,,151,,,,151,,,,151,,,,151,,,,151,,,,151,,,,151,,,,151,,,,151,,,,151,,,,151,,,,151,,,,151,,,,151,,,,151,,,,151,,,,151,,,,151,,,,151,,,,151,,,,151,,,,151,,,,151,,,,151,,,,151,,,,151,,,,151,
,,152,,,,152,,,,152,,,,152,,,,152,,,,152,,,,152,,,,,152,,,,152,,,,152,,,,152,,,,152,,,,152,,,,152,,,,152,,,,152,,,,152,,,,152,,,,152,,,,152,,,,152,,,,152,,,,152,,,,152,,,,152,,,,152,,,,152,,,,152,,,,152,,,,152,,,,152,,,,152,,,,152,,,,152,,,,152,,,,152,,,,152,,,,152,
,,153,,,,153,,,,153,,,,153,,,,153,,,,153,,,,153,,,,,153,,,,153,,,,153,,,,153,,,,153,,,,153,,,,153,,,,153,,,,153,,,,153,,,,153,,,,153,,,,153,,,,153,,,,153,,,,153,,,,153,,,,153,,,,153,,,,153,,,,153,,,,153,,,,153,,,,153,,,,153,,,,153,,,,153,,,,153,,,,153,,,,153,,,,153,
,,154,,,,154,,,,154,,,,154,,,,154,,,,154,,,,154,,,,,154,,,,154,,,,154,,,,154,,,,154,,,,154,,,,154,,,,154,,,,154,,,,154,,,,154,,,,154,,,,154,,,,154,,,,154,,,,154,,,,154,,,,154,,,,154,,,,154,,,,154,,,,154,,,,154,,,,154,,,,154,,,,154,,,,154,,,,154,,,,154,,,,154,,,,154,
,,155,,,,155,,,,155,,,,155,,,,155,,,,155,,,,155,,,,,155,,,,155,,,,155,,,,155,,,,155,,,,155,,,,155,,,,155,,,,155,,,,155,,,,155,,,,155,,,,155,,,,155,,,,155,,,,155,,,,155,,,,155,,,,155,,,,155,,,,155,,,,155,,,,155,,,,155,,,,155,,,,155,,,,155,,,,155,,,,155,,,,155,,,,155,
,,156,,,,156,,,,156,,,,156,,,,156,,,,156,,,,156,,,,,156,,,,156,,,,156,,,,156,,,,156,,,,156,,,,156,,,,156,,,,156,,,,156,,,,156,,,,156,,,,156,,,,156,,,,156,,,,156,,,,156,,,,156,,,,156,,,,156,,,,156,,,,156,,,,156,,,,156,,,,156,,,,156,,,,156,,,,156,,,,156,,,,156,,,,156,
,,157,,,,157,,,,157,,,,157,,,,157,,,,157,,,,157,,,,,157,,,,157,,,,157,,,,157,,,,157,,,,157,,,,157,,,,157,,,,157,,,,157,,,,157,,,,157,,,,157,,,,157,,,,157,,,,157,,,,157,,,,157,,,,157,,,,157,,,,157,,,,157,,,,157,,,,157,,,,157,,,,157,,,,157,,,,157,,,,157,,,,157,,,,157,
,,158,,,,158,,,,158,,,,158,,,,158,,,,158,,,,158,,,,,158,,,,158,,,,158,,,,158,,,,158,,,,158,,,,158,,,,158,,,,158,,,,158,,,,158,,,,158,,,,158,,,,158,,,,158,,,,158,,,,158,,,,158,,,,158,,,,158,,,,158,,,,158,,,,158,,,,158,,,,158,,,,158,,,,158,,,,158,,,,158,,,,158,,,,158,
,,159,,,,159,,,,159,,,,159,,,,159,,,,159,,,,159,,,,,159,,,,159,,,,159,,,,159,,,,159,,,,159,,,,159,,,,159,,,,159,,,,159,,,,159,,,,159,,,,159,,,,159,,,,159,,,,159,,,,159,,,,159,,,,159,,,,159,,,,159,,,,159,,,,159,,,,159,,,,159,,,,159,,,,159,,,,159,,,,159,,,,159,,,,159,
,,160,,,,160,,,,160,,,,160,,,,160,,,,160,,,,160,,,,,160,,,,160,,,,160,,,,160,,,,160,,,,160,,,,160,,,,160,,,,160,,,,160,,,,160,,,,160,,,,160,,,,160,,,,160,,,,160,,,,160,,,,160,,,,160,,,,160,,,,160,,,,160,,,,160,,,,160,,,,160,,,,160,,,,160,,,,160,,,,160,,,,160,,,,160,
,,161,,,,161,,,,161,,,,161,,,,161,,,,161,,,,161,,,,,161,,,,161,,,,161,,,,161,,,,161,,,,161,,,,161,,,,161,,,,161,,,,161,,,,161,,,,161,,,,161,,,,161,,,,161,,,,161,,,,161,,,,161,,,,161,,,,161,,,,161,,,,161,,,,161,,,,161,,,,161,,,,161,,,,161,,,,161,,,,161,,,,161,,,,161,
,,162,,,,162,,,,162,,,,162,,,,162,,,,162,,,,162,,,,,162,,,,162,,,,162,,,,162,,,,162,,,,162,,,,162,,,,162,,,,162,,,,162,,,,162,,,,162,,,,162,,,,162,,,,162,,,,162,,,,162,,,,162,,,,162,,,,162,,,,162,,,,162,,,,162,,,,162,,,,162,,,,162,,,,162,,,,162,,,,162,,,,162,,,,162,
,,163,,,,163,,,,163,,,,163,,,,163,,,,163,,,,163,,,,,163,,,,163,,,,163,,,,163,,,,163,,,,163,,,,163,,,,163,,,,163,,,,163,,,,163,,,,163,,,,163,,,,163,,,,163,,,,163,,,,163,,,,163,,,,163,,,,163,,,,163,,,,163,,,,163,,,,163,,,,163,,,,163,,,,163,,,,163,,,,163,,,,163,,,,163,
,,164,,,,164,,,,164,,,,164,,,,164,,,,164,,,,164,,,,,164,,,,164,,,,164,,,,164,,,,164,,,,164,,,,164,,,,164,,,,164,,,,164,,,,164,,,,164,,,,164,,,,164,,,,164,,,,164,,,,164,,,,164,,,,164,,,,164,,,,164,,,,164,,,,164,,,,164,,,,164,,,,164,,,,164,,,,164,,,,164,,,,164,,,,164,
,,165,,,,165,,,,165,,,,165,,,,165,,,,165,,,,165,,,,,165,,,,165,,,,165,,,,165,,,,165,,,,165,,,,165,,,,165,,,,165,,,,165,,,,165,,,,165,,,,165,,,,165,,,,165,,,,165,,,,165,,,,165,,,,165,,,,165,,,,165,,,,165,,,,165,,,,165,,,,165,,,,165,,,,165,,,,165,,,,165,,,,165,,,,165,
,,166,,,,166,Provisorias Notebook,,,166,,,,166,,,,166,,,,166,,,,166,,,,,166,,,,166,,,,166,,,,166,,,,166,,,,166,,,,166,,,,166,,,,166,,,,166,,,,166,,,,166,,,,166,,,,166,,,,166,,,,166,,,,166,,,,166,,,,166,,,,166,,,,166,,,,166,,,,166,,,,166,,,,166,,,,166,,,,166,,,,166,,,,166,,,,166,,,,166,
,,167,,,,167,Provisorias Notebook,,,167,,,,167,,,,167,,,,167,,,,167,,,,,167,,,,167,,,,167,,,,167,,,,167,,,,167,,,,167,,,,167,,,,167,,,,167,,,,167,,,,167,,,,167,,,,167,,,,167,,,,167,,,,167,,,,167,,,,167,,,,167,,,,167,,,,167,,,,167,,,,167,,,,167,,,,167,,,,167,,,,167,,,,167,,,,167,,,,167,
,,168,,,,168,,,,168,,,,168,,,,168,,,,168,,,,168,,,,,168,,,,168,,,,168,,,,168,,,,168,,,,168,,,,168,,,,168,,,,168,,,,168,,,,168,,,,168,,,,168,,,,168,,,,168,,,,168,,,,168,,,,168,,,,168,,,,168,,,,168,,,,168,,,,168,,,,168,,,,168,,,,168,,,,168,,,,168,,,,168,,,,168,,,,168,
,,169,,,,169,,,,169,,,,169,,,,169,,,,169,,,,169,,,,,169,,,,169,,,,169,,,,169,,,,169,,,,169,,,,169,,,,169,,,,169,,,,169,,,,169,,,,169,,,,169,,,,169,,,,169,,,,169,,,,169,,,,169,,,,169,,,,169,,,,169,,,,169,,,,169,,,,169,,,,169,,,,169,,,,169,,,,169,,,,169,,,,169,,,,169,
,,170,,,,170,,,,170,,,,170,,,,170,,,,170,,,,170,,,,,170,,,,170,,,,170,,,,170,,,,170,,,,170,,,,170,,,,170,,,,170,,,,170,,,,170,,,,170,,,,170,,,,170,,,,170,,,,170,,,,170,,,,170,,,,170,,,,170,,,,170,,,,170,,,,170,,,,170,,,,170,,,,170,,,,170,,,,170,,,,170,,,,170,,,,170,
,,171,,,,171,,,,171,,,,171,,,,171,,,,171,,,,171,,,,,171,,,,171,,,,171,,,,171,,,,171,,,,171,,,,171,,,,171,,,,171,,,,171,,,,171,,,,171,,,,171,,,,171,,,,171,,,,171,,,,171,,,,171,,,,171,,,,171,,,,171,,,,171,,,,171,,,,171,,,,171,,,,171,,,,171,,,,171,,,,171,,,,171,,,,171,
,,172,,,,172,,,,172,,,,172,,,,172,,,,172,,,,172,,,,,172,,,,172,,,,172,,,,172,,,,172,,,,172,,,,172,,,,172,,,,172,,,,172,,,,172,,,,172,,,,172,,,,172,,,,172,,,,172,,,,172,,,,172,,,,172,,,,172,,,,172,,,,172,,,,172,,,,172,,,,172,,,,172,,,,172,,,,172,,,,172,,,,172,,,,172,
,,173,,,,173,,,,173,,,,173,,,,173,,,,173,,,,173,,,,,173,,,,173,,,,173,,,,173,,,,173,,,,173,,,,173,,,,173,,,,173,,,,173,,,,173,,,,173,,,,173,,,,173,,,,173,,,,173,,,,173,,,,173,,,,173,,,,173,,,,173,,,,173,,,,173,,,,173,,,,173,,,,173,,,,173,,,,173,,,,173,,,,173,,,,173,
,,174,,,,174,,,,174,,,,174,,,,174,,,,174,,,,174,,,,,174,,,,174,,,,174,,,,174,,,,174,,,,174,,,,174,,,,174,,,,174,,,,174,,,,174,,,,174,,,,174,,,,174,,,,174,,,,174,,,,174,,,,174,,,,174,,,,174,,,,174,,,,174,,,,174,,,,174,,,,174,,,,174,,,,174,,,,174,,,,174,,,,174,,,,174,
,,175,,,,175,,,,175,,,,175,,,,175,,,,175,,,,175,,,,,175,,,,175,,,,175,,,,175,,,,175,,,,175,,,,175,,,,175,,,,175,,,,175,,,,175,,,,175,,,,175,,,,175,,,,175,,,,175,,,,175,,,,175,,,,175,,,,175,,,,175,,,,175,,,,175,,,,175,,,,175,,,,175,,,,175,,,,175,,,,175,,,,175,,,,175,
,,176,,,,176,,,,176,,,,176,,,,176,,,,176,,,,176,,,,,176,,,,176,,,,176,,,,176,,,,176,,,,176,,,,176,,,,176,,,,176,,,,176,,,,176,,,,176,,,,176,,,,176,,,,176,,,,176,,,,176,,,,176,,,,176,,,,176,,,,176,,,,176,,,,176,,,,176,,,,176,,,,176,,,,176,,,,176,,,,176,,,,176,,,,176,
,,177,,,,177,,,,177,,,,177,,,,177,,,,177,,,,177,,,,,177,,,,177,,,,177,,,,177,,,,177,,,,177,,,,177,,,,177,,,,177,,,,177,,,,177,,,,177,,,,177,,,,177,,,,177,,,,177,,,,177,,,,177,,,,177,,,,177,,,,177,,,,177,,,,177,,,,177,,,,177,,,,177,,,,177,,,,177,,,,177,,,,177,,,,177,
,,178,,,,178,,,,178,,,,178,,,,178,,,,178,,,,178,,,,,178,,,,178,,,,178,,,,178,,,,178,,,,178,,,,178,,,,178,,,,178,,,,178,,,,178,,,,178,,,,178,,,,178,,,,178,,,,178,,,,178,,,,178,,,,178,,,,178,,,,178,,,,178,,,,178,,,,178,,,,178,,,,178,,,,178,,,,178,,,,178,,,,178,,,,178,
,,179,,,,179,,,,179,,,,179,,,,179,,,,179,,,,179,,,,,179,,,,179,,,,179,,,,179,,,,179,,,,179,,,,179,,,,179,,,,179,,,,179,,,,179,,,,179,,,,179,,,,179,,,,179,,,,179,,,,179,,,,179,,,,179,,,,179,,,,179,,,,179,,,,179,,,,179,,,,179,,,,179,,,,179,,,,179,,,,179,,,,179,,,,179,
,,180,Ocupada,A2104019,,180,,,,180,,,,180,,,,180,,,,180,,,,180,,,,,180,,,,180,,,,180,,,,180,,,,180,,,,180,,,,180,,,,180,,,,180,,,,180,,,,180,,,,180,,,,180,,,,180,,,,180,,,,180,,,,180,,,,180,,,,180,,,,180,,,,180,,,,180,,,,180,,,,180,,,,180,,,,180,,,,180,,,,180,,,,180,,,,180,,,,180,
,,181,,,,181,Expand,Caso 3939473,,181,,,,181,,,,181,,,,181,A1161327,,,181,,,,,181,,,,181,,,,181,,,,181,,,,181,,,,181,,,,181,,,,181,,,,181,,,,181,,,,181,,,,181,,,,181,,,,181,,,,181,,,,181,,,,181,,,,181,,,,181,,,,181,,,,181,,,,181,,,,181,,,,181,,,,181,,,,181,,,,181,,,,181,,,,181,,,,181,,,,181,
,,182,,,,182,Expand,3939473,,182,,,,182,,,,182,,,,182,,,,182,,,,,182,,,,182,,,,182,,,,182,,,,182,,,,182,,,,182,,,,182,,,,182,,,,182,,,,182,,,,182,,,,182,,,,182,,,,182,,,,182,,,,182,,,,182,,,,182,,,,182,,,,182,,,,182,,,,182,,,,182,,,,182,,,,182,,,,182,,,,182,,,,182,,,,182,,,,182,
,,183,,,,183,Expand,3939473,,183,,,,183,,,,183,,,,183,,,,183,,,,,183,,,,183,,,,183,,,,183,,,,183,,,,183,,,,183,,,,183,,,,183,,,,183,,,,183,,,,183,,,,183,,,,183,,,,183,,,,183,,,,183,,,,183,,,,183,,,,183,,,,183,,,,183,,,,183,,,,183,,,,183,,,,183,,,,183,,,,183,,,,183,,,,183,,,,183,
,,184,,,,184,Expand,3939473,,184,,,,184,,,,184,,,,184,,,,184,,,,,184,,,,184,,,,184,,,,184,,,,184,,,,184,,,,184,,,,184,,,,184,,,,184,,,,184,,,,184,,,,184,,,,184,,,,184,,,,184,,,,184,,,,184,,,,184,,,,184,,,,184,,,,184,,,,184,,,,184,,,,184,,,,184,,,,184,,,,184,,,,184,,,,184,,,,184,
,,185,,,,185,,,,185,,,,185,,,,185,,,,185,,,,185,,,,,185,,,,185,,,,185,,,,185,,,,185,,,,185,,,,185,,,,185,,,,185,,,,185,,,,185,,,,185,,,,185,,,,185,,,,185,,,,185,,,,185,,,,185,,,,185,,,,185,,,,185,,,,185,,,,185,,,,185,,,,185,,,,185,,,,185,,,,185,,,,185,,,,185,,,,185,
,,186,,,,186,,,,186,,,,186,,,,186,,,,186,,,,186,,,,,186,,,,186,,,,186,,,,186,,,,186,,,,186,,,,186,,,,186,,,,186,,,,186,,,,186,,,,186,,,,186,,,,186,,,,186,,,,186,,,,186,,,,186,,,,186,,,,186,,,,186,,,,186,,,,186,,,,186,,,,186,,,,186,,,,186,,,,186,,,,186,,,,186,,,,186,
,,187,,,,187,,,,187,,,,187,,,,187,,,,187,,,,187,,,,,187,,,,187,,,,187,,,,187,,,,187,,,,187,,,,187,,,,187,,,,187,,,,187,,,,187,,,,187,,,,187,,,,187,,,,187,,,,187,,,,187,,,,187,,,,187,,,,187,,,,187,,,,187,,,,187,,,,187,,,,187,,,,187,,,,187,,,,187,,,,187,,,,187,,,,187,
,,188,,,,188,,,,188,,,,188,,,,188,,,,188,,,,188,,,,,188,,,,188,,,,188,,,,188,,,,188,,,,188,,,,188,,,,188,,,,188,,,,188,,,,188,,,,188,,,,188,,,,188,,,,188,,,,188,,,,188,,,,188,,,,188,,,,188,,,,188,,,,188,,,,188,,,,188,,,,188,,,,188,,,,188,,,,188,,,,188,,,,188,,,,188,
,,189,,,,189,,,,189,,,,189,,,,189,,,,189,,,,189,ocupada,A4190674,,,189,,,,189,,,,189,,,,189,,,,189,,,,189,,,,189,,,,189,,,,189,,,,189,,,,189,,,,189,,,,189,,,,189,,,,189,,,,189,,,,189,,,,189,,,,189,,,,189,,,,189,,,,189,,,,189,,,,189,,,,189,,,,189,,,,189,,,,189,,,,189,,,,189,,,,189,
,,190,,,,190,,,,190,,,,190,,,,190,AA150078,,,190,,,,190,Ocupada,,,,190,A5250029,,,190,ocupada,,,190,AE150073,,,190,,,,190,,,,190,,,,190,,,,190,,,,190,A3950080,,,190,A2D50076,,,190,,,,190,,,,190,,,,190,,,,190,,,,190,A5950081,,,190,,,,190,,,,190,,,,190,,,,190,,,,190,,,,190,AF150067,,,190,,,,190,,,,190,,,,190,,,,190,,,,190,,,,190,,,,190,
,,191,,,,191,,,,191,,,,191,,,,191,,,,191,A1190432,,,191,ocupada,A4190673,,,191,,,,191,,,,191,,,,191,,,,191,,,,191,,,,191,,,,191,,,,191,,,,191,,,,191,,,,191,,,,191,,,,191,,,,191,,,,191,,,,191,,,,191,,,,191,,,,191,,,,191,,,,191,,,,191,,,,191,,,,191,,,,191,,,,191,,,,191,,,,191,,,,191,,,,191,
,,192,,,,192,,,,192,,,,192,,,,192,,,,192,A1190429,,,192,ocupada,,,,192,,,,192,,,,192,,,,192,,,,192,,,,192,,,,192,,,,192,,,,192,,,,192,,,,192,,,,192,,,,192,,,,192,,,,192,,,,192,,,,192,,,,192,,,,192,,,,192,,,,192,,,,192,,,,192,,,,192,,,,192,,,,192,,,,192,,,,192,,,,192,,,,192,,,,192,
,,193,Ocupada,A2190891,,193,A0190153,,,193,,,,193,ocupada,,,193,,,,193,A1190259,,,193,ocupada,A4190631,,,193,,,,193,,,,193,,,,193,,,,193,,,,193,Ocupada,,,193,,,,193,,,,193,,,,193,,,,193,,,,193,,,,193,,,,193,,,,193,,,,193,,,,193,,,,193,,,,193,,,,193,,,,193,,,,193,,,,193,AF190893,,,193,,,,193,,,,193,,,,193,,,,193,,,,193,,,,193,,,,193,
,,194,,,,194,Ocupada,A0190061,,194,,,,194,,,,194,,,,194,A1190260,,,194,ocupada,A4190632,,,194,,,,194,,,,194,,,,194,,,,194,,,,194,,,,194,,,,194,,,,194,,,,194,,,,194,,,,194,,,,194,,,,194,,,,194,,,,194,,,,194,,,,194,,,,194,,,,194,,,,194,,,,194,,,,194,,,,194,,,,194,,,,194,,,,194,,,,194,,,,194,,,,194,,,,194,
,,195,Ocupada,A2190166,,195,A0190167,,,195,,,,195,A3190170,,,195,,,,195,A1190012,,,195,Ocupada,A4190169,,,195,,,,195,,,,195,,,,195,,,,195,,,,195,,,,195,,,,195,,,,195,,,,195,,,,195,,,,195,,,,195,,,,195,,,,195,,,,195,,,,195,,,,195,,,,195,,,,195,,,,195,,,,195,,,,195,,,,195,,,,195,,,,195,,,,195,,,,195,,,,195,,,,195,,,,195,
,,196,,,,196,A0190178,,,196,,,,196,,,,196,,,,196,A1190013,,,196,Ocupada,A4190363,,,196,,,,196,,,,196,,,,196,,,,196,,,,196,,,,196,,,,196,,,,196,,,,196,,,,196,,,,196,,,,196,,,,196,,,,196,,,,196,,,,196,,,,196,,,,196,,,,196,,,,196,,,,196,,,,196,,,,196,,,,196,,,,196,,,,196,,,,196,,,,196,,,,196,,,,196,
,,197,,,,197,A0190430,,,197,,,,197,,,,197,,,,197,A1190014,,,197,Ocupada,A4190533,,,197,,,,197,,,,197,,,,197,,,,197,,,,197,,,,197,,,,197,,,,197,,,,197,,,,197,,,,197,,,,197,,,,197,,,,197,,,,197,,,,197,,,,197,,,,197,,,,197,,,,197,,,,197,,,,197,,,,197,,,,197,,,,197,,,,197,,,,197,,,,197,,,,197,,,,197,
,,198,,,,198,A0190431,,,198,,,,198,,,,198,,,,198,A1107580,,,198,Ocupada,A4190535,,,198,,,,198,,,,198,,,,198,,,,198,,,,198,,,,198,,,,198,,,,198,,,,198,,,,198,,,,198,,,,198,,,,198,,,,198,,,,198,,,,198,,,,198,,,,198,,,,198,,,,198,,,,198,,,,198,,,,198,,,,198,,,,198,,,,198,,,,198,,,,198,,,,198,,,,198,
,,199,,,,199,A0190897,,,199,,,,199,,,,199,,,,199,A1190419,,,199,Ocupada,,,,199,,,,199,,,,199,,,,199,,,,199,,,,199,,,,199,,,,199,,,,199,,,,199,,,,199,,,,199,,,,199,,,,199,,,,199,,,,199,,,,199,,,,199,,,,199,,,,199,,,,199,,,,199,,,,199,,,,199,,,,199,,,,199,,,,199,,,,199,,,,199,,,,199,,,,199,
,,200,,,,200,A0101644,,,200,,,,200,,,,200,,,,200,U0B90590,,,200,ocupada,,,,200,,,,200,,,,200,,,,200,,,,200,,,,200,,,,200,,,,200,,,,200,,,,200,,,,200,,,,200,,,,200,,,,200,,,,200,,,,200,,,,200,,,,200,,,,200,,,,200,,,,200,,,,200,,,,200,,,,200,,,,200,,,,200,,,,200,,,,200,,,,200,,,,200,,,,200,
,,201,Ocupada,A2100323,,201,A0102057,,,201,AD104885,,,201,A3104289,,,201,AA104024,,,201,A1160000,,,201,Ocupada,A4101985,,,201,Ocupada,,,201,A9101134,,,201,AE101056,,,201,Ocupada,A1904782,,201,,,,201,A6104827,,,201,AB105342,,,201,A6905243,,,201,A3905289,,,201,A2905290,,,201,AB905291,,,201,AD905293,,,201,AE905294,,,201,A9905295,,,201,A7905413,,,201,A5905386,,,201,,,,201,liberada,,,201,AC105339,,,201,AC905341,,,201,A8105343,,,201,A4905392,,,201,AF105645,,,201,,,,201,AE107207,Liberada,,201,,,,201,A3C05390,,,201,A8408252,,,201,,,,201,AAD09191,,,201,
,,202,ocupada,A2106478,,202,ocupada,A0106122,,202,AD105340,,,202,Liberada,,,202,AA105391,,,202,A1106030,,,202,Ocupada,A4101974,,,202,A5201086,,,202,A9104439,,,202,AE105296,,,202,,,,202,A7105344,,,202,A6105345,,,202,,,,202,A6908458,,,202,A3906806,,,202,A2905933,,,202,,,,202,AD905294,,,202,AE906767,,,202,ocupada,A9906765,,202,A7906278,,,202,A5907353,,,202,,,,202,,,,202,,,,202,AC905788,,,202,A8105605,,,202,A4905896,,,202,AF105646,,,202,,,,202,Liberada,,,202,A3408022,,,202,A3C08153,,,202,A8408253,,,202,,,,202,AAD09196,,,202,
,,203,Ocupada,A2104018,,203,A0160027,,,203,ocupada,,,203,Liberada,,,203,AA106740,,,203,A1101874,,,203,Ocupada,A4101982,,,203,Ocupada,,,203,A9103152,,,203,AE103014,,,203,,,,203,A7108051,,,203,,,,203,,,,203,A6908476,,,203,A3906768,,,203,A2D07849,,,203,,,,203,AD906767,,,203,AE908482,,,203,,,,203,A7906279,,,203,A5907355,,,203,,,,203,,,,203,,,,203,,,,203,A8104821,,,203,A4907282,,,203,AF107036,,,203,,,,203,AE407422,,,203,A3408301,,,203,A3C08344,,,203,A8408254,,,203,,,,203,AAD09195,,,203,
,,204,Ocupada,A2100314,,204,A0103690,,,204,AD107300,,,204,A3105056,,,204,AA108300,,,204,A1101891,,,204,Ocupada,A4102555,,,204,Liberada,,,204,A9105244,,,204,AE106445,,,204,,,,204,A7108293,,,204,,,,204,,,,204,,,,204,A3908455,,,204,A2D08609,,,204,,,,204,,,,204,,,,204,,,,204,,,,204,A5907362,,,204,,,,204,,,,204,,,,204,,,,204,,,,204,A4908345,,,204,AF107999,,,204,,,,204,AE407988,,,204,,,,204,Provisorio,,,204,A8408255,,,204,,,,204,AAD09194,,,204,
,,205,Ocupada,A2104777,,205,A0160070,,,205,,,,205,Liberada,,,205,,,,205,,,,205,Ocupada,A4102556,,,205,Liberada,,,205,A9106300,,,205,AE106446,,,205,,,,205,A7108407,,,205,,,,205,,,,205,,,,205,A3907225,,,205,,,,205,,,,205,,,,205,,,,205,,,,205,,,,205,,,,205,,,,205,,,,205,,,,205,,,,205,,,,205,,,,205,AF105649,,,205,,,,205,Libre,,,205,,,,205,,,,205,A8408256,,,205,,,,205,AAD09193 ,,,205,
,,206,Ocupada,A2104855,,206,LIBERADA,,,206,,,,206,A3104795,,,206,,,,206,A1103689,,,206,Ocupada,A4102882,,,206,A5204795,,,206,A9106620,,,206,AE106857,,,206,,,,206,,,,206,,,,206,,,,206,,,,206,A3908673,,,206,,,,206,,,,206,,,,206,,,,206,,,,206,,,,206,,,,206,,,,206,,,,206,,,,206,,,,206,,,,206,,,,206,AF108534,(Tienda),,206,,,,206,AE408781,,,206,,,,206,,,,206,A8408257,,,206,,,,206,AAD09192 ,,,206,
,,207,Ocupada,A2105054,,207,A0104826,,,207,,,,207,A3107330,,,207,,,,207,,,,207,Ocupada,A4104818,,,207,Liberada,,,207,A9104854,,,207,AE106734,,,207,,,,207,,,,207,,,,207,,,,207,,,,207,,,,207,,,,207,,,,207,,,,207,,,,207,,,,207,,,,207,,,,207,,,,207,,,,207,,,,207,,,,207,,,,207,,,,207,AF108535,(Tienda),,207,,,,207,,,,207,,,,207,,,,207,A8408258,,,207,,,,207,AAD09217,,,207,
,,208,Ocupada,A2105237,,208,A0104875,,,208,,,,208,A5207467,,,208,,,,208,A1103872,,,208,Ocupada,,,,208,A5205410,,,208,A9107457,,,208,AE107648,,,208,,,,208,,,,208,,,,208,,,,208,,,,208,,,,208,,,,208,,,,208,,,,208,,,,208,,,,208,,,,208,,,,208,,,,208,,,,208,,,,208,,,,208,,,,208,,,,208,AF105652,,,208,,,,208,,,,208,,,,208,,,,208,A8408259,,,208,,,,208,,,,208,
,,209,Ocupada,A2105287,,209,A0105049,,,209,,,,209,A5207468,,,209,,,,209,A1104097,,,209,Ocupada,A4105050,,,209,Liberada,,,209,A9102694,,,209,,,,209,,,,209,,,,209,,,,209,,,,209,,,,209,,,,209,,,,209,,,,209,,,,209,,,,209,,,,209,,,,209,,,,209,,,,209,,,,209,,,,209,,,,209,,,,209,,,,209,AF105653,,,209,,,,209,,,,209,,,,209,,,,209,A8408260,,,209,,,,209,,,,209,
,,210,Ocupada,A2105288,,210,A0105337,,,210,,,,210,A3104468,,,210,,,,210,A1104026,,,210,Ocupada,A4105113,,,210,Liberada,,,210,A9108197,,,210,,,,210,,,,210,,,,210,,,,210,,,,210,,,,210,,,,210,,,,210,,,,210,,,,210,,,,210,,,,210,,,,210,,,,210,,,,210,,,,210,,,,210,,,,210,,,,210,,,,210,AF105654,,,210,,,,210,,,,210,,,,210,,,,210,A8408261,,,210,,,,210,,,,210,
,,211,Ocupada,A2105840,,211,A0105338,,,211,,,,211,Liberada,,,211,,,,211,A1102218,,,211,ocupada,A4105241,,,211,Liberada,,,211,A9108343,,,211,,,,211,,,,211,,,,211,,,,211,,,,211,,,,211,,,,211,,,,211,,,,211,,,,211,,,,211,,,,211,,,,211,,,,211,,,,211,,,,211,,,,211,,,,211,,,,211,,,,211,Libre,,,211,,,,211,,,,211,,,,211,,,,211,A8408419,,,211,,,,211,,,,211,
,,212,ocupada,A2103695,,212,ocupada,A0106723,,212,,,,212,A3108002,,,212,,,,212,,,,212,Ocupada,A4105242,,,212,Liberada,,,212,A9105665,,,212,,,,212,,,,212,,,,212,,,,212,,,,212,,,,212,,,,212,,,,212,,,,212,,,,212,,,,212,,,,212,,,,212,,,,212,,,,212,,,,212,,,,212,,,,212,,,,212,,,,212,AF105817,,,212,,,,212,,,,212,,,,212,,,,212,A8408420,,,212,,,,212,,,,212,
,,213,ocupada,A2107165,,213,A0106724,,,213,,,,213,A3101085,,,213,,,,213,A1105251,,,213,ocupada,A4106056,,,213,A5204486,,,213,A9108938,,,213,,,,213,,,,213,,,,213,,,,213,,,,213,,,,213,,,,213,,,,213,,,,213,,,,213,,,,213,,,,213,,,,213,,,,213,,,,213,,,,213,,,,213,,,,213,,,,213,,,,213,AF108131,,,213,,,,213,,,,213,,,,213,,,,213,A8408421,,,213,,,,213,,,,213,
,,214,Ocupada,A2106280,,214,ocupada,A0106745,,214,,,,214,A3108308,,,214,,,,214,A1105393,,,214,ocupada,A4106057,,,214,A5205714,,,214,,,,214,,,,214,,,,214,,,,214,,,,214,,,,214,,,,214,,,,214,,,,214,,,,214,,,,214,,,,214,,,,214,,,,214,,,,214,,,,214,,,,214,,,,214,,,,214,,,,214,,,,214,AF108326,,,214,,,,214,,,,214,,,,214,,,,214,libre,,,214,,,,214,,,,214,
,,215,ocupada,A2107217,,215,A0104686,,,215,,,,215,,,,215,,,,215,A1105394,,,215,Ocupada,A4106096,,,215,Liberada,,,215,,,,215,,,,215,,,,215,,,,215,,,,215,,,,215,,,,215,,,,215,,,,215,,,,215,,,,215,,,,215,,,,215,,,,215,,,,215,,,,215,,,,215,,,,215,,,,215,,,,215,,,,215,,,,215,,,,215,,,,215,,,,215,,,,215,A8408423,,,215,,,,215,,,,215,
,,216,ocupada,,,216,A0107402,,,216,,,,216,,,,216,,,,216,A1106031,,,216,ocupada,A4106097,,,216,A5207507,,,216,,,,216,,,,216,,,,216,,,,216,,,,216,,,,216,,,,216,,,,216,,,,216,,,,216,,,,216,,,,216,,,,216,,,,216,,,,216,,,,216,,,,216,,,,216,,,,216,,,,216,,,,216,,,,216,,,,216,,,,216,,,,216,,,,216,A8408424,,,216,,,,216,,,,216,
,,217,Ocupada,A2106769,,217,A0108055,,,217,,,,217,,,,217,,,,217,A1106070,,,217,ocupada,A4106098,,,217,Liberada,,,217,,,,217,,,,217,,,,217,,,,217,,,,217,,,,217,,,,217,,,,217,,,,217,,,,217,,,,217,,,,217,,,,217,,,,217,,,,217,,,,217,,,,217,,,,217,,,,217,,,,217,,,,217,,,,217,,,,217,,,,217,,,,217,,,,217,A8408425,,,217,,,,217,,,,217,
,,218,Ocupada,A2106818,,218,A0108195,,,218,,,,218,,,,218,,,,218,,,,218,ocupada,A4106123,,,218,A5208307,,,218,,,,218,,,,218,,,,218,,,,218,,,,218,,,,218,,,,218,,,,218,,,,218,,,,218,,,,218,,,,218,,,,218,,,,218,,,,218,,,,218,,,,218,,,,218,,,,218,,,,218,,,,218,,,,218,,,,218,,,,218,,,,218,,,,218,A8408426,,,218,,,,218,,,,218,
,,219,ocupada,A2107582,,219,A0108214,,,219,,,,219,,,,219,,,,219,A1106526,,,219,ocupada,,,,219,A5280541,,,219,,,,219,,,,219,,,,219,,,,219,,,,219,,,,219,,,,219,,,,219,,,,219,,,,219,,,,219,,,,219,,,,219,,,,219,,,,219,,,,219,,,,219,,,,219,,,,219,,,,219,,,,219,,,,219,,,,219,,,,219,,,,219,,,,219,A8408427,,,219,,,,219,,,,219,
,,220,ocupada,A2106944,,220,A0104138,,,220,,,,220,,,,220,,,,220,A1106700,,,220,A4106433,,,,220,Liberada,,,220,A9102683,,,220,,,,220,,,,220,,,,220,,,,220,,,,220,,,,220,,,,220,,,,220,,,,220,,,,220,,,,220,,,,220,,,,220,,,,220,,,,220,,,,220,,,,220,,,,220,,,,220,,,,220,,,,220,,,,220,,,,220,,,,220,,,,220,libre,,,220,,,,220,,,,220,
,,221,ocupada,A2106945,,221,A0108418,,,221,,,,221,,,,221,,,,221,A1106701,,,221,A4107696,,,,221,A5205171,,,221,,,,221,,,,221,,,,221,,,,221,,,,221,,,,221,,,,221,,,,221,,,,221,,,,221,,,,221,,,,221,,,,221,,,,221,,,,221,,,,221,,,,221,,,,221,,,,221,,,,221,,,,221,AF100102,,,221,,,,221,,,,221,,,,221,,,,221,,,,221,,,,221,,,,221,
,,222,ocupada,A2106946,,222,A0102029,,,222,,,,222,,,,222,,,,222,A1190168,,,222,A4100910,,,,222,A5208309,,,222,,,,222,,,,222,,,,222,,,,222,,,,222,,,,222,,,,222,,,,222,,,,222,,,,222,,,,222,,,,222,,,,222,,,,222,,,,222,,,,222,,,,222,,,,222,,,,222,,,,222,,,,222,AF101035,,,222,,,,222,,,,222,,,,222,,,,222,,,,222,,,,222,,,,222,
,,223,ocupada,A2107050,,223,,,,223,,,,223,,,,223,,,,223,A1107016,,,223,A4106474,,,,223,A5208385,,,223,,,,223,,,,223,,,,223,,,,223,,,,223,,,,223,,,,223,,,,223,,,,223,,,,223,,,,223,,,,223,,,,223,,,,223,,,,223,,,,223,,,,223,,,,223,,,,223,,,,223,,,,223,AF101036,,,223,,,,223,,,,223,,,,223,,,,223,,,,223,,,,223,,,,223,
,,224,ocupada,A2107051,,224,,,,224,,,,224,,,,224,,,,224,Liberada,,,224,A4106512,,,,224,A5208388,,,224,,,,224,,,,224,,,,224,,,,224,,,,224,,,,224,,,,224,,,,224,,,,224,,,,224,,,,224,,,,224,,,,224,,,,224,,,,224,,,,224,,,,224,,,,224,,,,224,,,,224,,,,224,AF101037,,,224,,,,224,,,,224,,,,224,,,,224,,,,224,,,,224,,,,224,
,,225,ocupada,A2107052,,225,,,,225,,,,225,,,,225,,,,225,A1107688,,,225,A4106025,,,,225,A5208389,,,225,,,,225,,,,225,,,,225,,,,225,,,,225,,,,225,,,,225,,,,225,,,,225,,,,225,,,,225,,,,225,,,,225,,,,225,,,,225,,,,225,,,,225,,,,225,,,,225,,,,225,,,,225,AF105411,,,225,,,,225,,,,225,,,,225,,,,225,,,,225,,,,225,,,,225,
,,226,ocupada,A2107053,,226,,,,226,,,,226,,,,226,,,,226,A1103106,,,226,A4106434,,,,226,A5208399,,,226,,,,226,,,,226,,,,226,,,,226,,,,226,,,,226,,,,226,,,,226,,,,226,,,,226,,,,226,,,,226,,,,226,,,,226,,,,226,,,,226,,,,226,,,,226,,,,226,,,,226,,,,226,AF107044,,,226,,,,226,,,,226,,,,226,,,,226,,,,226,,,,226,,,,226,
,,227,ocupada,A2107054,,227,,,,227,,,,227,,,,227,,,,227,A1108314,,,227,A4106435,,,,227,A5203424,,,227,,,,227,,,,227,,,,227,,,,227,,,,227,,,,227,,,,227,,,,227,,,,227,,,,227,,,,227,,,,227,,,,227,,,,227,,,,227,,,,227,,,,227,,,,227,,,,227,,,,227,,,,227,Liberada,,,227,,,,227,,,,227,,,,227,,,,227,,,,227,,,,227,,,,227,
,,228,ocupada,A2107055,,228,,,,228,,,,228,,,,228,,,,228,A1108351,,,228,A4106805,,,,228,A5208620,,,228,,,,228,,,,228,,,,228,,,,228,,,,228,,,,228,,,,228,,,,228,,,,228,,,,228,,,,228,,,,228,,,,228,,,,228,,,,228,,,,228,,,,228,,,,228,,,,228,,,,228,,,,228,AF107083,,,228,,,,228,,,,228,,,,228,,,,228,,,,228,,,,228,,,,228,
,,229,ocupada,A2101492,,229,,,,229,,,,229,,,,229,,,,229,,,,229,A4107286,,,,229,,,,229,,,,229,,,,229,,,,229,,,,229,,,,229,,,,229,,,,229,,,,229,,,,229,,,,229,,,,229,,,,229,,,,229,,,,229,,,,229,,,,229,,,,229,,,,229,,,,229,,,,229,,,,229,AF107233,,,229,,,,229,,,,229,,,,229,,,,229,,,,229,,,,229,,,,229,
,,230,Ocupada,A2107301,,230,,,,230,,,,230,,,,230,,,,230,,,,230,A4107289,,,,230,,,,230,,,,230,,,,230,,,,230,,,,230,,,,230,,,,230,,,,230,,,,230,,,,230,,,,230,,,,230,,,,230,,,,230,,,,230,,,,230,,,,230,,,,230,,,,230,,,,230,,,,230,,,,230,,,,230,,,,230,,,,230,,,,230,,,,230,,,,230,,,,230,,,,230,
,,231,Liberada,,,231,,,,231,,,,231,,,,231,,,,231,,,,231,A4107322,,,,231,,,,231,,,,231,,,,231,,,,231,,,,231,,,,231,,,,231,,,,231,,,,231,,,,231,,,,231,,,,231,,,,231,,,,231,,,,231,,,,231,,,,231,,,,231,,,,231,,,,231,,,,231,,,,231,,,,231,,,,231,,,,231,,,,231,,,,231,,,,231,,,,231,,,,231,
,,232,Ocupada,A2105045,,232,,,,232,,,,232,,,,232,,,,232,,,,232,A4106697,,,,232,,,,232,,,,232,,,,232,,,,232,,,,232,,,,232,,,,232,,,,232,,,,232,,,,232,,,,232,,,,232,,,,232,,,,232,,,,232,,,,232,,,,232,,,,232,,,,232,,,,232,,,,232,,,,232,,,,232,,,,232,,,,232,,,,232,,,,232,,,,232,,,,232,,,,232,
,,233,Liberada,,,233,,,,233,,,,233,,,,233,,,,233,,,,233,A4108525,,,,233,,,,233,,,,233,,,,233,,,,233,,,,233,,,,233,,,,233,,,,233,,,,233,,,,233,,,,233,,,,233,,,,233,,,,233,,,,233,,,,233,,,,233,,,,233,,,,233,,,,233,,,,233,,,,233,,,,233,,,,233,,,,233,,,,233,,,,233,,,,233,,,,233,,,,233,
,,234,A2104019,,,234,,,,234,,,,234,,,,234,,,,234,,,,234,,,,,234,,,,234,,,,234,,,,234,,,,234,,,,234,,,,234,,,,234,,,,234,,,,234,,,,234,,,,234,,,,234,,,,234,,,,234,,,,234,,,,234,,,,234,,,,234,,,,234,,,,234,,,,234,,,,234,,,,234,,,,234,,,,234,,,,234,,,,234,,,,234,,,,234,,,,234,
,,235,Ocupada,A2101844,,235,,,,235,,,,235,,,,235,,,,235,,,,235,,,,,235,,,,235,,,,235,,,,235,,,,235,,,,235,,,,235,,,,235,,,,235,,,,235,,,,235,,,,235,,,,235,,,,235,,,,235,,,,235,,,,235,,,,235,,,,235,,,,235,,,,235,,,,235,,,,235,,,,235,,,,235,,,,235,,,,235,,,,235,,,,235,,,,235,,,,235,
,,236,,,,236,,,,236,,,,236,,,,236,,,,236,,,,236,,,,,236,,,,236,,,,236,,,,236,,,,236,,,,236,,,,236,,,,236,,,,236,,,,236,,,,236,,,,236,,,,236,,,,236,,,,236,,,,236,,,,236,,,,236,,,,236,,,,236,,,,236,,,,236,,,,236,,,,236,,,,236,,,,236,,,,236,,,,236,,,,236,,,,236,,,,236,
,,237,,,,237,,,,237,,,,237,,,,237,,,,237,,,,237,,,,,237,,,,237,,,,237,,,,237,,,,237,,,,237,,,,237,,,,237,,,,237,,,,237,,,,237,,,,237,,,,237,,,,237,,,,237,,,,237,,,,237,,,,237,,,,237,,,,237,,,,237,,,,237,,,,237,,,,237,,,,237,,,,237,,,,237,,,,237,,,,237,,,,237,,,,237,
,,238,,,,238,,,,238,,,,238,,,,238,,,,238,,,,238,,,,,238,,,,238,,,,238,,,,238,,,,238,,,,238,,,,238,,,,238,,,,238,,,,238,,,,238,,,,238,,,,238,,,,238,,,,238,,,,238,,,,238,,,,238,,,,238,,,,238,,,,238,,,,238,,,,238,,,,238,,,,238,,,,238,,,,238,,,,238,,,,238,,,,238,,,,238,
,,239,,,,239,,,,239,,,,239,,,,239,,,,239,,,,239,,,,,239,,,,239,,,,239,,,,239,,,,239,,,,239,,,,239,,,,239,,,,239,,,,239,,,,239,,,,239,,,,239,,,,239,,,,239,,,,239,,,,239,,,,239,,,,239,,,,239,,,,239,,,,239,,,,239,,,,239,,,,239,,,,239,,,,239,,,,239,,,,239,,,,239,,,,239,
Rango Print Servers,,240,ocupada,A2161124,,240,A0161652,,,240,,,,240,,,,240,,,,240,A1161323,,,240,Ocupada,A4161026,,,240,Multifuncion,,,240,,,,240,,,,240,,,,240,,,,240,,,,240,,,,240,,,,240,,,,240,,,,240,,,,240,,,,240,,,,240,,,,240,,,,240,,,,240,,,,240,,,,240,,,,240,,,,240,,,,240,,,,240,AF160700,,,240,,,,240,,,,240,,,,240,,,,240,,,,240,,,,240,,,,240,
Rango Print Servers,,241,Ocupada,A2161393,,241,,,,241,,,,241,,,,241,,,,241,A1161324,,,241,Ocupada,A4161047,,,241,,,,241,,,,241,,,,241,,,,241,,,,241,,,,241,,,,241,,,,241,,,,241,,,,241,,,,241,,,,241,,,,241,,,,241,,,,241,,,,241,,,,241,,,,241,,,,241,,,,241,,,,241,,,,241,AF861109,,,241,,,,241,,,,241,,,,241,,,,241,,,,241,,,,241,,,,241,
Rango Print Servers,,242,Liberada,,,242,,,,242,,,,242,,,,242,,,,242,A1161325,,,242,Ocupada,A4161048,,,242,,,,242,,,,242,,,,242,,,,242,,,,242,,,,242,,,,242,,,,242,,,,242,,,,242,,,,242,,,,242,,,,242,,,,242,,,,242,,,,242,,,,242,,,,242,,,,242,,,,242,,,,242,,,,242,AF861192,,,242,,,,242,,,,242,,,,242,,,,242,,,,242,,,,242,,,,242,
Rango Print Servers,,243,Ocupada,A2161127,,243,,,,243,,,,243,,,,243,,,,243,A1161326,,,243,Ocupada,A4161138,,,243,,,,243,,,,243,,,,243,,,,243,,,,243,,,,243,,,,243,,,,243,,,,243,,,,243,,,,243,,,,243,,,,243,,,,243,,,,243,,,,243,,,,243,,,,243,,,,243,,,,243,,,,243,,,,243,,,,243,,,,243,,,,243,,,,243,,,,243,,,,243,,,,243,,,,243,
Rango Print Servers,,244,Ocupada,A2161538 ,,244,,,,244,,,,244,,,,244,,,,244,ocupada,,,244,Ocupada,A4161146,,,244,,,,244,,,,244,,,,244,,,,244,,,,244,,,,244,,,,244,,,,244,,,,244,,,,244,,,,244,,,,244,,,,244,,,,244,,,,244,,,,244,,,,244,,,,244,,,,244,,,,244,,,,244,,,,244,,,,244,,,,244,,,,244,,,,244,,,,244,,,,244,,,,244,,,,244,
Rango Print Servers,,245,,,,245,,,,245,,,,245,,,,245,,,,245,A1161328,,,245,Ocupada,A4161147,,,245,,,,245,,,,245,,,,245,,,,245,,,,245,,,,245,,,,245,,,,245,,,,245,,,,245,,,,245,,,,245,,,,245,,,,245,,,,245,,,,245,,,,245,,,,245,,,,245,,,,245,,,,245,,,,245,,,,245,,,,245,,,,245,,,,245,,,,245,,,,245,,,,245,,,,245,
Rango Print Servers,,246,,,,246,,,,246,,,,246,,,,246,,,,246,A1161588,,,246,Ocupada,A4161171,,,246,,,,246,,,,246,,,,246,,,,246,,,,246,,,,246,,,,246,,,,246,,,,246,,,,246,,,,246,,,,246,,,,246,,,,246,,,,246,,,,246,,,,246,,,,246,,,,246,,,,246,,,,246,,,,246,,,,246,,,,246,,,,246,,,,246,,,,246,,,,246,,,,246,,,,246,
Rango Print Servers,,247,,,,247,,,,247,,,,247,,,,247,,,,247,,,,247,Ocupada,A4161193,,,247,,,,247,,,,247,,,,247,,,,247,,,,247,,,,247,,,,247,,,,247,,,,247,,,,247,,,,247,,,,247,,,,247,,,,247,,,,247,,,,247,,,,247,,,,247,,,,247,,,,247,,,,247,,,,247,,,,247,,,,247,,,,247,,,,247,,,,247,,,,247,,,,247,,,,247,
Rango Print Servers,,248,,,,248,,,,248,,,,248,,,,248,,,,248,,,,248,,,,,248,,,,248,,,,248,,,,248,,,,248,,,,248,,,,248,,,,248,,,,248,,,,248,,,,248,,,,248,,,,248,,,,248,,,,248,,,,248,,,,248,,,,248,,,,248,,,,248,,,,248,,,,248,,,,248,,,,248,,,,248,,,,248,,,,248,,,,248,,,,248,,,,248,,,,248,
,,249,,,,249,,,,249,,,,249,,,,249,,,,249,,,,249,,,,,249,,,,249,,,,249,,,,249,,,,249,,,,249,,,,249,,,,249,,,,249,,,,249,,,,249,,,,249,,,,249,,,,249,,,,249,,,,249,,,,249,,,,249,,,,249,,,,249,,,,249,,,,249,,,,249,,,,249,,,,249,,,,249,,,,249,,,,249,,,,249,,,,249,,,,249,
,,250,,,,250,,,,250,,,,250,,,,250,,,,250,,,,250,,,,,250,,,,250,,,,250,,,,250,,,,250,,,,250,,,,250,,,,250,,,,250,,,,250,,,,250,,,,250,,,,250,,,,250,,,,250,,,,250,,,,250,,,,250,,,,250,,,,250,,,,250,,,,250,,,,250,,,,250,,,,250,,,,250,,,,250,,,,250,,,,250,,,,250,,,,250,
,,251,,,,251,,,,251,,,,251,,,,251,,,,251,,,,251,,,,,251,,,,251,,,,251,,,,251,,,,251,,,,251,,,,251,,,,251,,,,251,,,,251,,,,251,,,,251,,,,251,,,,251,,,,251,,,,251,,,,251,,,,251,,,,251,,,,251,,,,251,,,,251,,,,251,,,,251,,,,251,,,,251,,,,251,,,,251,,,,251,,,,251,,,,251,
,,252,,,,252,,,,252,,,,252,,,,252,,,,252,,,,252,,,,,252,,,,252,,,,252,,,,252,,,,252,,,,252,,,,252,,,,252,,,,252,,,,252,,,,252,,,,252,,,,252,,,,252,,,,252,,,,252,,,,252,,,,252,,,,252,,,,252,,,,252,,,,252,,,,252,,,,252,,,,252,,,,252,,,,252,,,,252,,,,252,,,,252,,,,252,
,,253,POS,,,253,POS,,,253,,,,253,,,,253,,,,253,POS,,,253,POS,,,,253,,,,253,,,,253,,,,253,,,,253,,,,253,,,,253,,,,253,,,,253,,,,253,,,,253,,,,253,,,,253,,,,253,,,,253,,,,253,,,,253,,,,253,,,,253,,,,253,,,,253,,,,253,,,,253,POS,,,253,,,,253,,,,253,,,,253,,,,253,,,,253,,,,253,,,,253,
,,254,,,,254,,,,254,,,,254,,,,254,,,,254,,,,254,,,,,254,,,,254,,,,254,,,,254,,,,254,,,,254,,,,254,,,,254,,,,254,,,,254,,,,254,,,,254,,,,254,,,,254,,,,254,,,,254,,,,254,,,,254,,,,254,,,,254,,,,254,,,,254,,,,254,,,,254,,,,254,,,,254,,,,254,,,,254,,,,254,,,,254,,,,254,
